playerId,firstName,lastName,proTeam,defaultPosition,jersey,weight,height,age,dateOfBirth,birthPlace,debutYear,draftSelection
4262921,Justin,Jefferson,Min,WR,18,195,73,24,1999-06-16,"Saint Rose, LA",2020,22
4362628,Ja'Marr,Chase,Cin,WR,1,201,72,23,2000-03-01,"Harvey, LA",,5
3117251,Christian,McCaffrey,SF,RB,23,205,71,27,1996-06-07,"Castle Rock, CO",2017,8
3116406,Tyreek,Hill,Mia,WR,10,191,70,29,1994-03-01,"Pearson, GA",2016,165
3068267,Austin,Ekeler,LAC,RB,30,200,70,28,1995-05-17,"Eaton, CO",2017,
2976212,Stefon,Diggs,Buf,WR,14,191,72,29,1993-11-29,"Gaithersburg, MD",2015,146
3139477,Patrick,Mahomes,KC,QB,15,225,74,27,1995-09-17,"Whitehouse, TX",2017,10
15847,Travis,Kelce,KC,TE,87,250,77,33,1989-10-05,"Cleveland Heights, OH",2013,63
3918298,Josh,Allen,Buf,QB,17,237,77,27,1996-05-21,"Firebaugh, CA",2018,7
3929630,Saquon,Barkley,NYG,RB,26,232,72,26,1997-02-09,"Coplay, PA",2018,2
4040715,Jalen,Hurts,Phi,QB,1,223,73,25,1998-08-07,"Houston, TX",2020,53
16800,Davante,Adams,LV,WR,17,215,73,30,1992-12-24,"Palo Alto, CA",2014,53
4241389,CeeDee,Lamb,Dal,WR,88,200,74,24,1999-04-08,"Richmond, TX",2020,17
3043078,Derrick,Henry,Ten,RB,22,247,75,29,1994-01-04,"Yulee, FL",2016,45
4047646,A.J.,Brown,Phi,WR,11,226,73,26,1997-06-30,"Starkville, MS",2019,51
4430807,Bijan,Robinson,Atl,RB,7,220,72,21,2002-01-30,"Tucson, AZ",,8
3128720,Nick,Chubb,Cle,RB,24,227,71,27,1995-12-27,"Cedartown, GA",2018,35
3916148,Tony,Pollard,Dal,RB,20,209,72,26,1997-04-30,"Memphis, TN",2019,128
4047365,Josh,Jacobs,LV,RB,8,223,70,25,1998-02-11,"Tulsa, OK",2019,24
15683,Justin,Tucker,Bal,K,9,183,73,33,1989-11-21,"Austin, TX",2012,
4374302,Amon-Ra,St. Brown,Det,WR,14,202,72,23,1999-10-24,"Anaheim Hills, CA",,112
4047650,DK,Metcalf,Sea,WR,14,235,76,25,1997-12-14,"Oxford, MS",2019,64
4569618,Garrett,Wilson,NYJ,WR,17,192,72,23,2000-07-22,"Austin, TX",,10
2977187,Cooper,Kupp,LAR,WR,10,208,74,30,1993-06-15,"Yakima, WA",2017,69
3116385,Joe,Mixon,Cin,RB,28,220,73,27,1996-07-24,"Oakley, CA",2017,48
3916387,Lamar,Jackson,Bal,QB,8,212,74,26,1997-01-07,"Pompano Beach, FL",2018,32
3915511,Joe,Burrow,Cin,QB,9,215,76,26,1996-12-10,"Athens, OH",2020,1
4372016,Jaylen,Waddle,Mia,WR,17,182,70,24,1998-11-25,"Houston, TX",,6
4239993,Tee,Higgins,Cin,WR,5,219,76,24,1999-01-18,"Oak Ridge, TN",2020,33
4036133,T.J.,Hockenson,Min,TE,87,248,77,26,1997-07-03,"Chariton, IA",2019,8
4241478,DeVonta,Smith,Phi,WR,6,170,72,24,1998-11-14,"Amite, LA",,10
3126486,Deebo,Samuel,SF,WR,19,215,72,27,1996-01-15,"Inman, SC",2019,36
4239996,Travis,Etienne Jr.,Jax,RB,1,215,70,24,1999-01-26,"Jennings, LA",,25
3042519,Aaron,Jones,GB,RB,33,208,69,28,1994-12-02,"El Paso, TX",2017,182
3116365,Mark,Andrews,Bal,TE,89,256,77,28,1995-09-06,"Scottsdale, AZ",2018,86
4361370,Chris,Olave,NO,WR,12,187,72,23,2000-06-27,"San Ysidro, CA",,11
4241457,Najee,Harris,Pit,RB,22,242,73,25,1998-03-09,"Antioch, CA",,24
2576925,Darren,Waller,NYG,TE,12,245,78,30,1992-09-13,"Acworth, GA",2015,204
4429795,Jahmyr,Gibbs,Det,RB,26,200,69,21,2002-03-20,"Dalton, GA",,12
15818,Keenan,Allen,LAC,WR,13,211,74,31,1992-04-27,"Greensboro, NC",2013,76
3040151,George,Kittle,SF,TE,85,250,76,29,1993-10-09,"Norman, OK",2017,146
4569173,Rhamondre,Stevenson,NE,RB,38,227,72,25,1998-02-23,"Las Vegas, NV",,120
4360234,Evan,McPherson,Cin,K,2,185,71,24,1999-07-21,"Fort Payne, AL",,149
3925357,Calvin,Ridley,Jax,WR,0,190,73,28,1994-12-20,"Fort Lauderdale, FL",2018,26
2976499,Amari,Cooper,Cle,WR,2,211,73,29,1994-06-18,"Miami, FL",2015,4
4038941,Justin,Herbert,LAC,QB,10,236,78,25,1998-03-10,"Eugene, OR",2020,6
3055899,Harrison,Butker,KC,K,7,199,76,28,1995-07-14,"Decatur, GA",2017,233
15795,DeAndre,Hopkins,Ten,WR,10,218,73,31,1992-06-06,"Central, SC",2013,27
3051909,Daniel,Carlson,LV,K,2,215,77,28,1995-01-23,"Colorado Springs, CO",2018,167
4362887,Justin,Fields,Chi,QB,1,228,75,24,1999-03-05,"Kennesaw, GA",,11
4360248,Kyle,Pitts,Atl,TE,8,246,78,22,2000-10-06,"Philadelphia, PA",,4
4360238,Dameon,Pierce,Hou,RB,31,218,70,23,2000-02-19,"Bainbridge, GA",,107
4567048,Kenneth,Walker III,Sea,RB,9,211,69,22,2000-10-20,"Arlington, TN",,41
3121023,Dallas,Goedert,Phi,TE,88,256,77,28,1995-01-03,"Britton, SD",2018,49
3116165,Chris,Godwin,TB,WR,14,208,73,27,1996-02-27,"Middletown, DE",2017,84
3045147,James,Conner,Ari,RB,6,233,73,28,1995-05-05,"Erie, PA",2017,105
4242335,Jonathan,Taylor,Ind,RB,28,226,70,24,1999-01-19,"Salem, NJ",2020,41
4248528,Christian,Watson,GB,WR,9,208,76,24,1999-05-12,"Tampa, FL",,34
4360310,Trevor,Lawrence,Jax,QB,16,220,78,23,1999-10-06,"Cartersville, GA",,1
4697815,Rachaad,White,TB,RB,1,214,72,24,1999-01-12,"Kansas City, MO",,91
3915416,DJ,Moore,Chi,WR,2,210,72,26,1997-04-14,"Philadelphia, PA",2018,24
3932905,Diontae,Johnson,Pit,WR,18,183,70,27,1996-07-05,"Ruskin, FL",2019,66
4045163,Miles,Sanders,Car,RB,6,211,71,26,1997-05-01,"Pittsburgh, PA",2019,53
16737,Mike,Evans,TB,WR,13,231,77,30,1993-08-21,"Galveston, TX",2014,7
4048244,Alexander,Mattison,Min,RB,2,215,71,25,1998-06-19,"San Bernardino, CA",2019,102
4427366,Breece,Hall,NYJ,RB,20,220,73,22,2001-05-31,"Wichita, KS",,36
3054850,Alvin,Kamara,NO,RB,41,215,70,28,1995-07-25,"Norcross, GA",2017,67
3121422,Terry,McLaurin,Wsh,WR,17,210,72,27,1995-09-15,"Indianapolis, IN",2019,76
3045138,Mike,Williams,LAC,WR,81,218,76,28,1994-10-04,"Vance, SC",2017,7
3051876,Evan,Engram,Jax,TE,17,240,75,29,1994-09-02,"Powder Springs, GA",2017,23
2577327,Tyler,Lockett,Sea,WR,16,182,70,30,1992-09-28,"Tulsa, OK",2015,69
4379399,James,Cook,Buf,RB,4,190,71,23,1999-09-25,"Miami, FL",,63
4361529,Isiah,Pacheco,KC,RB,10,216,70,24,1999-03-02,"Vineland, NJ",,251
4240021,Cam,Akers,LAR,RB,3,217,70,24,1999-06-22,"Clinton, MS",2020,52
3116593,Dalvin,Cook,NYJ,RB,33,210,70,28,1995-08-10,"Miami, FL",2017,41
3122840,Deshaun,Watson,Cle,QB,4,223,75,27,1995-09-14,"Gainesville, GA",2017,12
4361411,Pat,Freiermuth,Pit,TE,88,258,77,24,1998-10-25,"Merrimac, MA",,55
4360438,Brandon,Aiyuk,SF,WR,11,200,72,25,1998-03-17,"Rocklin, CA",2020,25
4035538,David,Montgomery,Det,RB,5,224,71,26,1997-06-07,"Cincinnati, OH",2019,73
4426354,George,Pickens,Pit,WR,14,200,75,22,2001-03-04,"Hoover, AL",,52
4241463,Jerry,Jeudy,Den,WR,10,193,73,24,1999-04-24,"Deerfield Beach, FL",2020,15
4361579,Javonte,Williams,Den,RB,33,220,70,23,2000-04-25,"Wallace, NC",,35
4426502,Drake,London,Atl,WR,5,213,76,22,2001-07-24,"Moorpark, CA",,8
3123076,David,Njoku,Cle,TE,85,246,76,27,1996-07-10,"Cedar Grove, NJ",2017,29
3895856,Christian,Kirk,Jax,WR,13,200,71,26,1996-11-18,"Scottsdale, AZ",2018,47
2573401,Tyler,Higbee,LAR,TE,89,255,78,30,1993-01-01,"Clearwater, FL",2016,110
4241372,Marquise,Brown,Ari,WR,2,180,69,26,1997-06-04,"Hollywood, FL",2019,25
4035687,Michael,Pittman Jr.,Ind,WR,11,223,76,25,1997-10-05,"Woodland Hills, CA",2020,34
12460,Graham,Gano,NYG,K,9,202,74,36,1987-04-09,"Pensacola, FL",2009,
4259545,D'Andre,Swift,Phi,RB,0,215,69,24,1999-01-14,"Philadelphia, PA",2020,35
14880,Kirk,Cousins,Min,QB,8,205,75,35,1988-08-19,"Holland, MI",2012,102
16731,Brandin,Cooks,Dal,WR,3,189,70,29,1993-09-25,"Stockton, CA",2014,20
2577417,Dak,Prescott,Dal,QB,4,238,74,30,1993-07-29,"Haughton, LA",2016,135
3128429,Courtland,Sutton,Den,WR,14,216,76,27,1995-10-10,"Brenham, TX",2018,40
2473037,Jason,Myers,Sea,K,5,190,70,32,1991-05-12,"Chula Vista, CA",2015,
3917232,Tyler,Bass,Buf,K,2,183,70,26,1997-02-14,"Irmo, SC",2020,188
4361409,Jahan,Dotson,Wsh,WR,1,182,71,23,2000-03-22,"Nazareth, PA",,16
4239934,AJ,Dillon,GB,RB,28,247,72,25,1998-05-02,"New London, CT",2020,62
16733,Odell,Beckham Jr.,Bal,WR,3,198,71,30,1992-11-05,"New Orleans, LA",2014,12
2980453,Jamaal,Williams,NO,RB,30,224,72,28,1995-04-03,"Fontana, CA",2017,134
2976316,Michael,Thomas,NO,WR,13,212,75,30,1993-03-03,"Los Angeles, CA",2016,47
4035886,Khalil,Herbert,Chi,RB,24,212,69,25,1998-04-21,"Fort Lauderdale, FL",,217
4241479,Tua,Tagovailoa,Mia,QB,1,217,73,25,1998-03-02,"Ewa Beach, HI",2020,5
8439,Aaron,Rodgers,NYJ,QB,8,223,74,39,1983-12-02,"Chico, CA",2005,24
4241985,J.K.,Dobbins,Bal,RB,27,215,70,24,1998-12-17,"La Grange, TX",2020,55
4241474,Brian,Robinson Jr.,Wsh,RB,8,228,73,24,1999-03-22,"Tuscaloosa, AL",,98
4258595,Cole,Kmet,Chi,TE,85,260,78,24,1999-03-10,"Lake Barrington, IL",2020,43
4430878,Jaxon,Smith-Njigba,Sea,WR,11,197,72,21,2002-02-14,"Rockwall, TX",,20
4429205,Jordan,Addison,Min,WR,3,175,71,21,2002-01-27,"Frederick, MD",,23
4430191,Skyy,Moore,KC,WR,24,195,70,23,2000-09-10,"New Kensington, PA",,54
3050478,Jake,Elliott,Phi,K,4,167,69,28,1995-01-21,"Western Springs, IL",2017,153
3120348,JuJu,Smith-Schuster,NE,WR,7,215,73,26,1996-11-22,"Long Beach, CA",2017,62
4429615,Zay,Flowers,Bal,WR,4,172,70,23,2000-09-11,"Fort Lauderdale, FL",,22
4360294,Antonio,Gibson,Wsh,RB,24,220,74,25,1998-06-23,"Stockbridge, GA",2020,66
15864,Geno,Smith,Sea,QB,7,221,75,32,1990-10-10,"Miami, FL",2013,39
3117256,Dalton,Schultz,Hou,TE,83,244,77,27,1996-07-11,"South Jordan, UT",2018,137
4243537,Gabe,Davis,Buf,WR,13,210,74,24,1999-04-01,"Sanford, FL",2020,128
2576414,Raheem,Mostert,Mia,RB,31,205,70,31,1992-04-09,"New Smyrna Beach, FL",2015,
3916433,Jakobi,Meyers,LV,WR,16,200,74,26,1996-11-09,"Lithonia, GA",2019,
3116389,Samaje,Perine,Den,RB,25,236,70,27,1995-09-16,"Pflugerville, TX",2017,114
3917792,Daniel,Jones,NYG,QB,8,230,77,26,1997-05-27,"Charlotte, NC",2019,6
4567156,Treylon,Burks,Ten,WR,16,225,74,23,2000-03-23,"Warren, AR",,18
16782,Jerick,McKinnon,KC,RB,1,209,69,31,1992-05-03,"Marietta, GA",2014,96
4429084,Anthony,Richardson,Ind,QB,5,244,76,21,2002-05-22,"Gainesville, FL",,4
3049899,Younghoe,Koo,Atl,K,6,185,69,29,1994-08-03,"Ridgewood, NJ",2017,
3139925,Rashaad,Penny,Phi,RB,23,220,71,27,1996-02-02,"Norwalk, CA",2018,27
3051392,Ezekiel,Elliott,NE,RB,15,225,72,28,1995-07-22,"St. Louis, MO",2016,4
4429025,Quentin,Johnston,LAC,WR,1,215,76,22,2001-09-06,"Temple, TX",,21
14881,Russell,Wilson,Den,QB,3,215,71,34,1988-11-29,"Richmond, VA",2012,75
16460,Adam,Thielen,Car,WR,19,195,74,33,1990-08-22,"Detroit Lakes, MN",2013,
4426385,Zach,Charbonnet,Sea,RB,26,214,73,22,2001-01-08,"Camarillo, CA",,52
4372485,Rondale,Moore,Ari,WR,4,180,67,23,2000-06-09,"New Albany, IN",,49
4385690,Dalton,Kincaid,Buf,TE,86,240,76,23,1999-10-18,"Las Vegas, NV",,25
4036348,Michael,Gallup,Dal,WR,13,198,73,27,1996-03-04,"Monroe, GA",2018,81
4040655,Darnell,Mooney,Chi,WR,11,173,71,25,1997-10-29,"Gadsden, AL",2020,173
3115394,DJ,Chark Jr.,Car,WR,17,200,75,26,1996-09-23,"Alexandria, LA",2018,61
4258173,Nico,Collins,Hou,WR,12,215,76,24,1999-03-19,"Birmingham, AL",,89
4372414,Elijah,Moore,Cle,WR,8,180,70,23,2000-03-27,"Fort Lauderdale, FL",,34
4240600,Kadarius,Toney,KC,WR,19,193,72,24,1999-01-27,"Mobile, AL",,20
4040761,Devin,Singletary,Hou,RB,26,203,67,26,1997-09-03,"Deerfield Beach, FL",2019,74
3045144,Tyler,Boyd,Cin,WR,83,203,74,29,1993-11-15,"Clairton, PA",2016,55
4249087,Matt,Gay,Ind,K,7,232,72,29,1994-03-15,"Orem, UT",2019,145
4241555,Elijah,Mitchell,SF,RB,25,200,70,25,1998-05-02,"Erath, LA",,194
3918639,Gerald,Everett,LAC,TE,7,250,75,29,1994-06-25,"Lithonia, GA",2017,44
3128390,Allen,Lazard,NYJ,WR,10,227,77,27,1995-12-11,"Urbandale, IA",2018,
3046779,Jared,Goff,Det,QB,16,217,76,28,1994-10-14,"Novato, CA",2016,1
4360635,Chigoziem,Okonkwo,Ten,TE,85,238,75,24,1999-09-08,"Powder Springs, GA",,143
4569987,Jaylen,Warren,Pit,RB,30,215,68,24,1998-11-01,"Salt Lake City, UT",,
4373626,Tyler,Allgeier,Atl,RB,25,220,71,23,2000-04-15,"Fontana, CA",,151
3929645,Juwan,Johnson,NO,TE,83,231,76,26,1996-09-13,"Glassboro, NJ",2020,
15835,Zach,Ertz,Ari,TE,86,250,77,32,1990-11-10,"Alamo, CA",2013,35
4240703,Kenny,Pickett,Pit,QB,8,220,75,25,1998-06-06,"Oakhurst, NJ",,20
4240455,Deon,Jackson,Ind,RB,35,216,71,24,1999-02-18,"Atlanta, GA",,
3122976,Jeff,Wilson Jr.,Mia,RB,23,213,72,26,1996-11-16,"Elkhart, TX",2018,
4430027,Sam,LaPorta,Det,TE,87,245,75,22,2001-01-12,"Highland, IL",,34
3930066,Van,Jefferson,LAR,WR,12,200,73,27,1996-07-26,"Brentwood, TN",2020,57
4362081,Cameron,Dicker,LAC,K,11,216,73,23,2000-05-06,"Austin, TX",,
3916566,K.J.,Osborn,Min,WR,17,203,71,26,1997-06-10,"Ypsilanti, MI",2020,176
3059722,Zay,Jones,Jax,WR,7,200,74,28,1995-03-30,"Austin, TX",2017,37
12483,Matthew,Stafford,LAR,QB,9,220,75,35,1988-02-07,"Dallas, TX",2009,1
4361050,Isaiah,Likely,Bal,TE,80,235,76,23,2000-04-18,"Cambridge, MA",,139
14993,Greg,Zuerlein,NYJ,K,9,187,72,35,1987-12-27,"Lincoln, NE",2012,171
16757,Derek,Carr,NO,QB,4,215,75,32,1991-03-28,"Bakersfield, CA",2014,36
4367209,Greg,Dulcich,Den,TE,80,245,76,23,2000-03-26,"Glendale, CA",,80
16339,Brandon,McManus,Jax,K,10,201,75,32,1991-07-25,"Hatfield, PA",2014,
4429013,Tank,Bigsby,Jax,RB,4,213,72,22,2001-08-30,"Lagrange, GA",,88
3925347,Damien,Harris,Buf,RB,22,213,71,26,1997-02-11,"Richmond, KY",2019,87
4429160,De'Von,Achane,Mia,RB,28,188,69,21,2001-10-13,"Missouri City, TX",,84
4361741,Brock,Purdy,SF,QB,13,220,73,23,1999-12-27,"Gilbert, AZ",,262
3135321,Hunter,Renfrow,LV,WR,13,185,70,27,1995-12-21,"Myrtle Beach, SC",2019,149
3051738,Marquez,Valdes-Scantling,KC,WR,11,206,76,28,1994-10-10,"Saint Petersburg, FL",2018,174
4371733,Kenneth,Gainwell,Phi,RB,14,200,69,24,1999-03-14,"Yazoo City, MS",,150
3051926,Gus,Edwards,Bal,RB,35,238,73,28,1995-04-13,"Staten Island, NY",2018,
4426386,Roschon,Johnson,Chi,RB,23,223,74,22,2001-01-31,"Port Neches, TX",,115
4426485,Jonathan,Mingo,Car,WR,15,225,74,22,2001-04-20,"Brandon, MS",,39
4034949,Eddy,Pineiro,Car,K,4,190,71,27,1995-09-13,"Miami, FL",2018,
3121410,Parris,Campbell,NYG,WR,0,208,72,26,1997-07-16,"Akron, OH",2019,59
4361432,Romeo,Doubs,GB,WR,87,204,74,23,2000-04-13,"Los Angeles, CA",,132
3915486,Tyler,Conklin,NYJ,TE,83,254,75,28,1995-07-30,"Chesterfield, MI",2018,157
4426388,Jameson,Williams,Det,WR,9,189,73,22,2001-03-26,"St. Louis, MO",,12
4685720,Bryce,Young,Car,QB,9,194,70,22,2001-07-25,"Pasadena, CA",,1
3121427,Curtis,Samuel,Wsh,WR,4,195,71,27,1996-08-11,"Brooklyn, NY",2017,40
4360939,Rashod,Bateman,Bal,WR,7,197,73,23,1999-11-29,"Tifton, GA",,27
4362249,Jayden,Reed,GB,WR,11,187,71,23,2000-04-28,"Naperville, IL",,50
3917315,Kyler,Murray,Ari,QB,1,207,70,26,1997-08-07,"Allen, TX",2019,1
4046692,Chase,Claypool,Chi,WR,10,238,76,25,1998-07-07,"Abbotsford, BC",2020,49
4036378,Jordan,Love,GB,QB,10,219,76,24,1998-11-02,"Bakersfield, CA",2020,26
17427,Cairo,Santos,Chi,K,8,175,68,31,1991-11-12,"Saint Augustine, FL",2014,
3125116,D'Onta,Foreman,Chi,RB,21,235,72,27,1996-04-24,"Texas City, TX",2017,89
4686472,Marvin,Mims Jr.,Den,WR,19,182,71,21,2002-03-19,"Frisco, TX",,63
4569609,Evan,Hull,Ind,RB,26,209,70,22,2000-10-26,"Maple Grove, MN",,176
16760,Jimmy,Garoppolo,LV,QB,10,225,74,31,1991-11-02,"Arlington Heights, IL",2014,62
3930086,Dawson,Knox,Buf,TE,88,254,76,26,1996-11-14,"Brentwood, TN",2019,96
3116164,Mike,Gesicki,NE,TE,88,245,78,27,1995-10-03,"Manahawkin, NJ",2018,42
2468609,Taysom,Hill,NO,TE,7,221,74,33,1990-08-23,"Pocatello, ID",2017,
4428557,Tyjae,Spears,Ten,RB,32,200,70,22,2001-06-15,"Ponchatoula, LA",,81
3910544,Joshua,Kelley,LAC,RB,25,212,71,25,1997-11-20,"Lancaster, CA",2020,112
4241416,Chuba,Hubbard,Car,RB,30,210,73,24,1999-06-11,"Sherwood Park, AB",,126
4426875,Sam,Howell,Wsh,QB,14,220,73,22,2000-09-16,"Indian Trail, NC",,144
4431453,Deuce,Vaughn,Dal,RB,42,176,66,21,2001-11-02,"Round Rock, TX",,212
4035676,Zack,Moss,Ind,RB,21,205,69,25,1997-12-15,"Hialeah Gardens, FL",2020,86
4430737,Kyren,Williams,LAR,RB,23,194,69,23,2000-08-26,"St. Louis, MO",,164
15965,Dustin,Hopkins,Cle,K,7,193,74,32,1990-10-01,"Houston, TX",2013,177
4242214,Clyde,Edwards-Helaire,KC,RB,25,207,67,24,1999-04-11,"Baton Rouge, LA",2020,32
3975763,Greg,Joseph,Min,K,1,206,72,29,1994-08-04,"Boca Raton, FL",2018,
4428331,Rashee,Rice,KC,WR,4,204,73,23,2000-04-22,"North Richland Hills, TX",,55
4372019,Jerome,Ford,Cle,RB,34,210,70,24,1999-09-12,"Tampa, FL",,156
15807,Cordarrelle,Patterson,Atl,RB,84,220,74,32,1991-03-17,"Rock Hill, SC",2013,29
16486,Brett,Maher,LAR,K,8,180,72,33,1989-11-21,"Kearney, NE",2018,
4243371,Riley,Patterson,Det,K,36,195,72,24,1999-09-07,"Edwardsville, IL",,
4428085,Luke,Musgrave,GB,TE,88,253,78,23,2000-09-02,"Bend, OR",,42
4432577,C.J.,Stroud,Hou,QB,7,218,75,21,2001-10-03,"Inland Empire, CA",,2
3124679,Jason,Sanders,Mia,K,7,190,71,27,1995-11-16,"Orange, CA",2018,229
4242355,Jake,Ferguson,Dal,TE,87,244,77,24,1999-01-18,"Madison, WI",,129
4692590,Jalin,Hyatt,NYG,WR,13,185,72,21,2001-09-25,"Irmo, SC",,73
4599739,Kendre,Miller,NO,RB,25,220,72,21,2002-06-11,"Mount Enterprise, TX",,71
4240472,Noah,Gray,KC,TE,83,240,75,24,1999-04-30,"Leominster, MA",,162
4040980,Irv,Smith Jr.,Cin,TE,81,240,74,25,1998-08-09,"New Orleans, LA",2019,50
4242540,Isaiah,Hodgins,NYG,WR,18,201,75,24,1998-10-21,"Oakley, CA",2020,207
3059915,Kareem,Hunt,FA,RB,,216,71,28,1995-08-06,"Willoughby, OH",2017,86
4360078,Alec,Pierce,Ind,WR,14,211,75,23,2000-05-02,"Glen Ellyn, IL",,53
4360797,Tutu,Atwell,LAR,WR,5,165,69,23,1999-10-07,"Miami, FL",,57
4258195,Donovan,Peoples-Jones,Cle,WR,11,204,74,24,1999-02-19,"Detroit, MI",2020,187
4372066,Jake,Moody,SF,K,4,210,73,23,1999-11-23,"Northville, MI",,99
4242431,Ty,Chandler,Min,RB,32,204,71,25,1998-05-12,"Nashville, TN",,169
15072,Marvin,Jones Jr.,Det,WR,0,199,74,33,1990-03-12,"Fontana, CA",2012,166
17372,Chris,Boswell,Pit,K,9,185,74,32,1991-03-16,"Keller, TX",2014,
4241464,Mac,Jones,NE,QB,10,220,75,25,1998-09-05,"Jacksonville, FL",,15
3924365,Hayden,Hurst,Car,TE,81,250,76,30,1993-08-24,"Jacksonville, FL",2018,25
14876,Ryan,Tannehill,Ten,QB,17,217,76,35,1988-07-27,"Big Spring, TX",2012,8
4366031,Tank,Dell,Hou,WR,13,165,70,23,1999-10-29,"Daytona Beach, FL",,69
2576623,DeVante,Parker,NE,WR,1,215,75,30,1993-01-20,"Louisville, KY",2015,14
4036131,Noah,Fant,Sea,TE,87,249,76,25,1997-11-20,"Omaha, NE",2019,20
3046439,Hunter,Henry,NE,TE,85,258,77,28,1994-12-07,"Little Rock, AR",2016,35
4035004,Mecole,Hardman Jr.,NYJ,WR,6,187,70,25,1998-03-12,"Bowman, GA",2019,56
3052587,Baker,Mayfield,TB,QB,6,215,73,28,1995-04-14,"Austin, TX",2018,1
4360306,Justyn,Ross,KC,WR,8,210,76,23,1999-12-15,"Phenix City, AL",,
2985659,Wil,Lutz,Den,K,16,184,71,29,1994-07-07,"Newnan, GA",2016,
4429086,Michael,Mayer,LV,TE,87,265,76,22,2001-07-06,"Independence, KY",,35
4567096,John,Metchie III,Hou,WR,8,187,71,23,2000-07-18,"Brampton, ON",,44
4426515,Puka,Nacua,LAR,WR,17,205,74,22,2001-05-29,"Provo, UT",,177
16813,Logan,Thomas,Wsh,TE,82,250,78,32,1991-07-01,"Lynchburg, VA",2014,120
10621,Nick,Folk,Ten,K,6,225,73,38,1984-11-05,"Sherman Oaks, CA",2007,178
15880,Robert,Woods,Hou,WR,2,195,72,31,1992-04-10,"Carson, CA",2013,41
4239086,Desmond,Ridder,Atl,QB,9,207,75,24,1999-08-31,"Louisville, KY",,74
3045523,Kendrick,Bourne,NE,WR,84,205,73,28,1995-08-04,"Portland, OR",2017,
4241410,Jelani,Woods,Ind,TE,80,253,79,24,1998-10-09,"Ellenwood, GA",,73
3119195,Chase,Edmonds,TB,RB,22,205,69,27,1996-04-13,"Harrisburg, PA",2018,134
4362087,Keaontay,Ingram,Ari,RB,30,221,72,23,1999-10-26,"Carthage, TX",,201
4032473,Rashid,Shaheed,NO,WR,22,180,72,25,1998-08-31,"San Diego, CA",,
4361777,Zamir,White,LV,RB,35,215,72,23,1999-09-18,"Laurinburg, NC",,122
4430871,Sean,Tucker,TB,RB,44,210,70,21,2001-10-25,"Owings Mills, MD",,
4362238,Chase,Brown,Cin,RB,30,215,69,23,2000-03-21,"London, ON",,163
3115364,Leonard,Fournette,FA,RB,7,228,72,28,1995-01-18,"New Orleans, LA",2017,4
4360761,Michael,Wilson,Ari,WR,14,213,74,23,2000-02-23,"Simi Valley, CA",,94
14053,Randall,Cobb,NYJ,WR,18,192,70,33,1990-08-22,"Alcoa, TN",2011,64
4362921,Tyquan,Thornton,NE,WR,11,185,74,23,2000-08-07,"Miami, FL",,50
16799,Allen,Robinson II,Pit,WR,11,220,74,30,1993-08-24,"Southfield, MI",2014,61
11122,Matt,Prater,Ari,K,5,201,70,39,1984-08-10,"Mayfield Heights, OH",2007,
3916945,Darius,Slayton,NYG,WR,86,194,73,26,1997-01-12,"Norcross, GA",2019,171
3953687,Brandon,Aubrey,Dal,K,17,200,75,28,1995-03-14,,,
4038815,Rico,Dowdle,Dal,RB,23,215,72,25,1998-06-14,"Asheville, NC",2020,
4569587,Wan'Dale,Robinson,NYG,WR,17,185,68,22,2001-01-05,"Frankfort, KY",,43
3049916,Matt,Breida,NYG,RB,31,190,70,28,1995-02-28,"Brooksville, FL",2017,
2991662,Mack,Hollins,Atl,WR,18,221,76,29,1993-09-16,"Rockville, MD",2017,118
4243331,Cade,Otton,TB,TE,88,247,77,24,1999-04-15,"Tumwater, WA",,106
4242519,Anders,Carlson,GB,K,17,219,77,25,1998-06-16,"Colorado Springs, CO",,207
4035222,Trayveon,Williams,Cin,RB,32,206,68,25,1997-10-18,"Houston, TX",2019,182
4363538,Chad,Ryland,NE,K,38,195,72,23,1999-10-15,"Lebanon, PA",,112
4243315,Salvon,Ahmed,Mia,RB,26,197,71,24,1998-12-30,"Kirkland, WA",2020,
4259619,Blake,Grupe,NO,K,19,156,67,24,1998-11-05,"Sedalia, MO",,
4240657,Michael,Carter,NYJ,RB,32,201,68,24,1999-05-07,"Navarre, FL",,107
3912550,Ronald,Jones,Dal,RB,32,208,71,26,1997-08-03,"Mckinney, TX",2018,38
4688813,Josh,Downs,Ind,WR,1,171,69,22,2001-08-12,"Suwanee, GA",,79
4259308,Raheem,Blackshear,Car,RB,3,190,69,25,1998-06-05,"Philadelphia, PA",,
4722893,Jaleel,McLaughlin,Den,RB,38,187,67,22,2000-09-13,"Marshville, NC",,
2576336,Ameer,Abdullah,LV,RB,22,203,69,30,1993-06-13,"Homewood, AL",2015,54
3123075,Braxton,Berrios,Mia,WR,0,190,69,27,1995-10-06,"Raleigh, NC",2018,210
4242433,Joshua,Palmer,LAC,WR,5,210,73,23,1999-09-22,"Brampton, ON",,77
3043275,Austin,Hooper,LV,TE,81,254,76,28,1994-11-04,"San Ramon, CA",2016,81
2330,Tom,Brady,TB,QB,12,225,76,46,1977-08-03,"San Mateo, CA",2000,199
3044720,Joshua,Dobbs,Ari,QB,9,216,75,28,1995-01-26,"Alpharetta, GA",2017,135
4427728,Zonovan,Knight,FA,RB,,210,71,22,2001-04-11,"Bailey, NC",,
3124084,Joey,Slye,Wsh,K,6,213,71,27,1996-04-10,"Stafford, VA",2019,
2971573,Ka'imi,Fairbairn,Hou,K,15,183,72,29,1994-01-29,"Kailua, HI",2016,
4421446,Craig,Reynolds,Det,RB,13,216,71,27,1996-06-15,"Willow Grove, PA",2019,
4383351,Trey,Lance,Dal,QB,15,226,76,23,2000-05-09,"Marshall, MN",,3
4361307,Trey,McBride,Ari,TE,85,246,76,23,1999-11-22,"Fort Morgan, CO",,55
4430802,Darnell,Washington,Pit,TE,80,264,79,22,2001-08-17,"Las Vegas, NV",,93
15920,Latavius,Murray,Buf,RB,28,230,75,33,1990-01-18,"Nedrow, NY",2013,181
4361516,Daniel,Bellinger,NYG,TE,82,253,77,22,2000-09-22,"Las Vegas, NV",,112
13232,Jimmy,Graham,NO,TE,80,265,79,36,1986-11-24,"Goldsboro, NC",2010,95
4243389,Calvin,Austin III,Pit,WR,19,162,69,24,1999-03-24,"Memphis, TN",,138
4426407,Trey,Palmer,TB,WR,10,192,72,22,2001-04-02,"Kentwood, LA",,191
4362630,Terrace,Marshall Jr.,Car,WR,88,200,74,23,2000-06-09,"Bossier City, LA",,59
4426891,Isaiah,Spiller,LAC,RB,28,215,73,22,2001-08-09,"Spring, TX",,123
4427095,Demario,Douglas,NE,WR,81,192,68,22,2000-12-08,"Jacksonville, FL",,210
4369863,Cedric,Tillman,Cle,WR,19,215,75,23,2000-04-19,"Las Vegas, NV",,74
4050373,Quez,Watkins,Phi,WR,16,193,72,25,1998-06-09,"Athens, AL",2020,200
4372096,Luke,Schoonmaker,Dal,TE,86,250,77,24,1998-09-28,"Hamden, CT",,58
4411193,Deonte,Harty,Buf,WR,11,170,66,25,1997-12-04,"Baltimore, MD",2019,
3150744,Chase,McLaughlin,TB,K,4,175,73,27,1996-04-09,"Cypress, TX",2019,
3886818,Myles,Gaskin,Min,RB,37,200,70,26,1997-02-15,"Lynnwood, WA",2019,234
2976592,Sterling,Shepard,NYG,WR,3,196,70,30,1993-02-10,"Oklahoma City, OK",2016,40
4046530,Chris,Evans,Cin,RB,25,215,71,25,1997-10-05,"Indianapolis, IN",,202
3127313,Tristan,Vizcaino,FA,K,16,205,74,27,1996-07-31,"Chino Hills, CA",2021,
3886598,Jauan,Jennings,SF,WR,15,212,75,26,1997-07-10,"Murfreesboro, TN",2020,217
3115306,Josh,Reynolds,Det,WR,8,194,75,28,1995-02-16,"San Antonio, TX",2017,117
4038441,Justice,Hill,Bal,RB,43,200,70,25,1997-11-14,"Tulsa, OK",2019,113
4034946,Kyle,Trask,TB,QB,2,236,77,25,1998-03-06,"Manvel, TX",,64
3061612,Jamal,Agnew,Jax,WR,39,190,70,28,1995-04-03,"San Diego, CA",2017,165
4361418,Will,Levis,Ten,QB,8,229,76,24,1999-06-27,"Madison, CT",,33
4240603,Malik,Davis,FA,RB,34,202,71,24,1998-11-26,"Tampa, FL",,
3929785,Nick,Westbrook-Ikhine,Ten,WR,15,211,74,26,1997-03-21,"Lake Mary, FL",2020,
4362619,Chris,Rodriguez Jr.,Wsh,RB,23,224,71,23,1999-09-26,"Mcdonough, GA",,193
4240631,DeeJay,Dallas,Sea,RB,31,214,70,24,1998-09-16,"Brunswick, GA",2020,144
4259553,Stetson,Bennett,LAR,QB,13,190,71,25,1997-10-28,"Blackshear, GA",,128
2983509,Dare,Ogunbowale,Hou,RB,33,205,71,29,1994-05-04,"Milwaukee, WI",2017,
4429022,Kayshon,Boutte,NE,WR,80,197,72,21,2002-05-07,"New Iberia, LA",,187
4360405,Jake,Bobo,Sea,WR,19,207,76,25,1998-08-04,"North Andover, MA",,
4685035,Zach,Evans,LAR,RB,21,202,71,22,2001-05-30,"Houston, TX",,215
4035537,Kene,Nwangwu,Min,RB,26,210,73,25,1998-02-09,"Frisco, TX",,119
3912547,Sam,Darnold,SF,QB,14,225,75,26,1997-06-05,"Capistrano Beach, CA",2018,3
2577134,Ty,Montgomery II,NE,RB,14,220,72,30,1993-01-22,"Dallas, TX",2015,94
3917612,Ke'Shawn,Vaughn,TB,RB,21,214,70,26,1997-05-04,"Nashville, TN",2020,76
3051439,Boston,Scott,Phi,RB,35,203,66,28,1995-04-27,"Baton Rouge, LA",2018,201
16002,Kyle,Juszczyk,SF,RB,44,235,74,32,1991-04-23,"Medina, OH",2013,130
4249836,Pierre,Strong Jr.,Cle,RB,20,215,71,24,1998-12-10,"Little Rock, AR",,127
3127292,Will,Dissly,Sea,TE,89,265,76,27,1996-07-08,"Bozeman, MT",2018,120
3122899,Richie,James,KC,WR,17,185,69,28,1995-09-05,"Sarasota, FL",2018,240
3052897,Durham,Smythe,Mia,TE,81,246,78,28,1995-08-09,"Belton, TX",2018,123
4373678,Khalil,Shakir,Buf,WR,10,190,72,23,2000-02-03,"Murrieta, CA",,148
4039050,Devin,Duvernay,Bal,WR,13,200,71,25,1997-09-12,"Sachse, TX",2020,92
4374187,Deven,Thompkins,TB,WR,83,155,68,23,1999-12-23,"Fort Myers, FL",,
4429202,Israel,Abanikanda,NYJ,RB,25,215,71,20,2002-10-05,"Brooklyn, NY",,143
4361259,Zach,Wilson,NYJ,QB,2,214,74,24,1999-08-03,"Draper, UT",,2
2576980,Marcus,Mariota,Phi,QB,8,222,76,29,1993-10-30,"Honolulu, HI",2015,2
4052042,James,Robinson,FA,RB,24,219,69,25,1998-08-09,"Rockford, IL",2020,
2578570,Jacoby,Brissett,Wsh,QB,12,235,76,30,1992-12-11,"West Palm Beach, FL",2016,91
4362478,Emari,Demercado,Ari,RB,31,215,69,24,1999-01-20,"Inglewood, CA",,
3115378,Russell,Gage,TB,WR,3,185,72,27,1996-01-22,"Baton Rouge, LA",2018,194
2979843,Kenyan,Drake,FA,RB,31,216,73,29,1994-01-26,"Powder Springs, GA",2016,73
2574576,C.J.,Uzomah,NYJ,TE,87,271,77,30,1993-01-14,"Suwanee, GA",2015,157
4367567,Julius,Chestnut,Ten,RB,36,228,71,22,2000-10-26,"Bowie, MD",,
3042778,Corey,Davis,NYJ,WR,84,209,75,28,1995-01-11,"Wheaton, IL",2017,5
4240858,Hendon,Hooker,Det,QB,12,220,75,25,1998-01-13,"Greensboro, NC",,68
4428963,Cade,York,FA,K,,206,73,22,2001-01-27,"Mckinney, TX",,124
2973405,Kalif,Raymond,Det,WR,11,180,68,29,1994-08-08,"Lawrenceville, GA",2016,
4243160,Laviska,Shenault Jr.,Car,WR,5,225,73,24,1998-10-05,"Desoto, TX",2020,42
4572680,Tucker,Kraft,GB,TE,85,259,77,22,2000-11-03,"Timber Lake, SD",,78
3054212,Jonnu,Smith,Atl,TE,81,248,75,28,1995-08-22,"Ocala, FL",2017,100
4372063,Ronnie,Bell,SF,WR,10,190,72,23,2000-01-28,"Kansas City, MO",,253
4241941,Anthony,McFarland Jr.,Pit,RB,26,193,68,24,1999-03-04,"Hyattsville, MD",2020,124
4249417,Jalen,Tolbert,Dal,WR,18,195,73,24,1999-02-27,"Mobile, AL",,88
4038524,Gardner,Minshew,Ind,QB,10,225,73,27,1996-05-16,"Brandon, MS",2019,178
13934,Antonio,Brown,FA,WR,81,185,70,35,1988-07-10,"Miami, FL",2010,195
4570561,Eric,Gray,NYG,RB,20,210,70,23,1999-11-04,"Memphis, TN",,172
3676833,KaVontae,Turpin,Dal,WR,9,153,69,27,1996-08-02,"Monroe, LA",,
2514206,Blake,Bell,KC,TE,81,252,78,32,1991-08-07,"Wichita, KS",2015,117
4360175,Clayton,Tune,Ari,QB,15,220,75,24,1999-03-23,"Carrollton, TX",,139
2565969,Taylor,Heinicke,Atl,QB,4,210,73,30,1993-03-15,"Lawrenceville, GA",2015,
4245645,Gary,Brightwell,NYG,RB,23,218,73,25,1998-02-28,"Chester, PA",,196
4241961,Connor,Heyward,Pit,TE,83,230,72,24,1999-01-22,"Duluth, GA",,208
4372071,Hassan,Haskins,Ten,RB,25,228,74,23,1999-11-26,"St. Louis, MO",,131
2975674,Robert,Tonyan,Chi,TE,18,240,77,29,1994-04-30,"Mchenry, IL",2017,
3122168,Trent,Sherfield,Buf,WR,16,219,73,27,1996-02-25,"Danville, IL",2018,
3916430,Nyheim,Hines,Buf,RB,0,198,68,26,1996-11-12,"Garner, NC",2018,104
3051381,Mike,White,Mia,QB,14,218,77,28,1995-03-25,"Pembroke Pines, FL",2018,171
2576434,Melvin,Gordon III,FA,RB,33,215,73,30,1993-04-13,"Kenosha, WI",2015,15
3128724,Isaiah,McKenzie,Ind,WR,6,173,68,28,1995-04-09,"Miami, FL",2017,172
13229,Rob,Gronkowski,FA,TE,87,265,78,34,1989-05-14,"Amherst, NY",2010,42
3843945,Foster,Moreau,NO,TE,82,250,76,26,1997-05-06,"New Orleans, LA",2019,137
3928925,JaMycal,Hasty,Jax,RB,22,205,68,26,1996-09-12,"Longview, TX",2020,
5536,Ben,Roethlisberger,Pit,QB,7,240,77,41,1982-03-02,"Findlay, OH",2004,11
3045260,Corey,Clement,FA,RB,23,220,70,28,1994-11-02,"Glassboro, NJ",2017,
4035656,Ben,Skowronek,LAR,WR,18,224,75,26,1997-06-27,"Fort Wayne, IN",,249
4570674,Kevin,Harris,FA,RB,36,225,70,22,2000-11-17,"Hinesville, GA",,183
4035198,Brandon,Johnson,Den,WR,89,195,74,25,1998-07-26,"Fort Lauderdale, FL",,
4260394,Aidan,O'Connell,LV,QB,4,210,75,25,1998-09-01,"Long Grove, IL",,135
4035115,Albert,Okwuegbunam,Phi,TE,47,258,77,25,1998-04-25,"Springfield, IL",2020,118
4367178,Dorian,Thompson-Robinson,Cle,QB,17,191,73,23,1999-11-14,"Las Vegas, NV",,140
2971618,Nelson,Agholor,Bal,WR,15,198,72,30,1993-05-24,"Tampa, FL",2015,20
3118892,Justin,Watson,KC,WR,84,215,74,27,1996-04-04,"Bridgeville, PA",2018,144
4360569,Jordan,Mason,SF,RB,24,223,71,24,1999-05-24,"Gallatin, TN",,
3134353,Tim,Patrick,Den,WR,81,212,76,29,1993-11-23,"San Diego, CA",2017,
4427391,Kenny,McIntosh,Sea,RB,25,204,72,23,2000-03-03,"Fort Lauderdale, FL",,237
4035671,Tyler,Huntley,Bal,QB,2,196,73,25,1998-02-03,"Dania, FL",2020,
3043234,Zane,Gonzalez,FA,K,10,200,72,28,1995-05-07,"Deer Park, TX",2017,224
4037235,Greg,Dortch,Ari,WR,83,175,67,25,1998-05-29,"Richmond, VA",2019,
4257188,Charlie,Jones,Cin,WR,15,188,72,24,1998-10-29,"Deerfield, IL",,131
3911853,Adam,Trautman,Den,TE,82,253,77,26,1997-02-05,"Williamsburg, MI",2020,105
4689988,Jason,Brownlee,NYJ,WR,16,198,74,24,1999-01-30,"West Point, MS",,
3932442,Equanimeous,St. Brown,Chi,WR,19,214,77,26,1996-09-30,"Anaheim, CA",2018,207
2969939,Jameis,Winston,NO,QB,2,231,76,29,1994-01-06,"Bessemer, AL",2015,1
4430388,DeWayne,McBride,FA,RB,37,209,70,22,2001-07-08,"Starke, FL",,222
4887558,Emanuel,Wilson,GB,RB,31,226,71,24,1999-05-08,"Charlotte, NC",,
9354,Robbie,Gould,FA,K,9,190,72,40,1982-12-06,"Lock Haven, PA",2005,
3917914,Olamide,Zaccheaus,Phi,WR,13,193,68,26,1997-07-23,"Plainfield, NJ",2019,
3039707,Mitch,Trubisky,Pit,QB,10,220,74,29,1994-08-20,"Mentor, OH",2017,2
4374033,Jermar,Jefferson,FA,RB,28,215,70,23,2000-04-15,"Harbor City, CA",,257
4362019,A.T.,Perry,NO,WR,17,205,77,23,1999-10-26,"Lake Worth, FL",,195
4361438,Cole,Turner,Wsh,TE,85,240,78,23,2000-03-16,"Clackamas, OR",,149
3931391,Trenton,Irwin,Cin,WR,16,200,74,27,1995-12-10,"Valencia, CA",2019,
3912092,Donald,Parham Jr.,LAC,TE,89,237,80,26,1997-08-16,"Lakeland, FL",2019,
3121409,Noah,Brown,Hou,WR,85,215,74,27,1996-01-06,"Flanders, NJ",2017,239
4259592,Sean,Clifford,GB,QB,8,218,74,25,1998-07-14,"Cincinnati, OH",,149
4696736,Tanner,Brown,FA,K,49,177,72,23,1999-12-28,"Saugus, CA",,
4428850,Dontayvion,Wicks,GB,WR,13,206,73,22,2001-06-16,"Plaquemine, LA",,159
4046676,Tony,Jones Jr.,NO,RB,34,224,71,25,1997-11-24,"Saint Petersburg, FL",2020,
4426475,Tyrion,Davis-Price,SF,RB,32,219,73,22,2000-10-23,"Baton Rouge, LA",,93
15478,Brandon,Bolden,LV,RB,34,220,71,33,1990-01-26,"Baton Rouge, LA",2012,
4242512,Malik,Willis,Ten,QB,7,219,73,24,1999-05-25,"Atlanta, GA",,86
4242392,Brock,Wright,Det,TE,89,250,77,24,1998-11-27,"Cypress, TX",,
2998565,Mo,Alie-Cox,Ind,TE,81,267,77,29,1993-09-19,"Alexandria, VA",2017,
4361577,Dyami,Brown,Wsh,WR,2,195,72,23,1999-11-01,"Charlotte, NC",,82
16728,Teddy,Bridgewater,Det,QB,10,212,74,30,1992-11-10,"Miami, FL",2014,32
4689334,Malik,Heath,GB,WR,18,213,74,23,2000-03-31,"Jackson, MS",,
4241822,Chris,Naggar,FA,K,,193,71,25,1997-12-09,"Arlington, TX",,
4036335,Cedrick,Wilson Jr.,Mia,WR,11,197,74,28,1995-03-10,"Memphis, TN",2018,208
4368003,Andrei,Iosivas,Cin,WR,80,212,75,23,1999-10-15,"Honolulu, HI",,206
10636,Mason,Crosby,FA,K,2,207,73,39,1984-09-03,"Georgetown, TX",2007,193
13982,Julio,Jones,FA,WR,6,220,75,34,1989-02-08,"Foley, AL",2011,6
14012,Andy,Dalton,Car,QB,14,220,74,35,1987-10-29,"Katy, TX",2011,35
3149687,Chris,Brooks,Mia,RB,35,219,73,23,2000-01-11,"Oceanside, CA",,
15839,Marquise,Goodwin,Cle,WR,3,185,69,32,1990-11-19,"Garland, TX",2013,78
3115293,Kyle,Allen,Buf,QB,9,210,75,27,1996-03-08,"Scottsdale, AZ",2018,
4258248,Peyton,Hendershot,Dal,TE,89,254,76,24,1999-04-23,"North Salem, IN",,
2972515,Cooper,Rush,Dal,QB,10,225,75,29,1993-11-21,"Charlotte, MI",2017,
3924327,Drew,Lock,Sea,QB,2,228,76,26,1996-11-10,"Lee's Summit, MO",2019,42
4565908,Tyler,Scott,Chi,WR,13,185,71,21,2001-10-12,"Norton, OH",,133
3921690,Josh,Oliver,Min,TE,84,259,77,26,1997-03-21,"Paso Robles, CA",2019,69
4570409,David,Bell,Cle,WR,18,212,73,22,2000-12-14,"Indianapolis, IN",,99
4250360,Bailey,Zappe,NE,QB,4,215,73,24,1999-04-26,"Victoria, TX",,137
4039160,Kylen,Granson,Ind,TE,83,242,75,25,1998-03-27,"Austin, TX",,127
13199,Colt,McCoy,FA,QB,12,212,73,37,1986-09-05,"Tuscola, TX",2010,85
14163,Tyrod,Taylor,NYG,QB,2,217,73,34,1989-08-03,"Hampton, VA",2011,180
3728262,Ray-Ray,McCloud III,SF,WR,3,190,69,26,1996-10-15,"Tampa, FL",2018,187
4037457,Travis,Homer,Chi,RB,20,202,70,25,1998-08-07,"West Palm Beach, FL",2019,204
4430539,Brenton,Strange,Jax,TE,85,247,75,22,2000-12-27,"Parkersburg, WV",,61
10452,Adrian,Peterson,FA,RB,21,217,73,38,1985-03-21,"Palestine, TX",2007,7
3043116,Demarcus,Robinson,LAR,WR,15,203,73,28,1994-09-21,"Fort Valley, GA",2016,126
4012556,C.J.,Ham,Min,RB,30,250,71,30,1993-07-22,"Duluth, MN",2016,
3917668,Alec,Ingold,Mia,RB,30,235,73,27,1996-07-09,"Green Bay, WI",2019,
3116172,Trace,McSorley,FA,QB,19,210,72,28,1995-08-23,"Ashburn, VA",2019,197
3892775,Jarrett,Stidham,Den,QB,4,215,75,27,1996-08-08,"Stephenville, TX",2019,133
4240069,Malik,Cunningham,FA,QB,16,198,73,24,1998-10-06,"Montgomery, AL",,
4361665,Christopher,Dunn,FA,K,,179,68,,,"Lexington, NC",,
4040774,Harrison,Bryant,Cle,TE,88,230,77,25,1998-04-23,"Gray, GA",2020,115
3123052,Michael,Badgley,FA,K,17,183,70,28,1995-07-28,"Summit, NJ",2018,
4686422,Xavier,Hutchinson,Hou,WR,19,205,75,23,2000-06-01,"Jacksonville, FL",,205
4034862,Jack,Stoll,Phi,TE,89,247,76,25,1998-01-28,"Lone Tree, CO",,
4248909,Elijah,Dotson,LAC,RB,42,202,69,24,1999-01-19,"Sacramento, CA",,
3915165,Rodrigo,Blankenship,FA,K,15,184,73,26,1997-01-29,"Marietta, GA",2020,
4242546,Davis,Mills,Hou,QB,10,225,76,24,1998-10-21,"Duluth, GA",,67
3139602,D'Ernest,Johnson,Jax,RB,25,208,70,27,1996-02-27,"Immokalee, FL",2019,
4596334,Keaton,Mitchell,Bal,RB,34,184,69,21,2002-01-17,"Mcdonough, GA",,
4367175,Kyle,Philips,Ten,WR,18,189,71,24,1999-06-17,"San Marcos, CA",,163
3128452,Jordan,Akins,Cle,TE,84,245,76,31,1992-04-19,"Atlanta, GA",2018,98
4428718,Tre,Tucker,LV,WR,11,185,69,22,2001-03-08,"Akron, OH",,100
4027873,Samori,Toure,GB,WR,83,191,73,25,1998-03-24,"Portland, OR",,258
2580216,DeAndre,Carter,LV,WR,3,190,68,30,1993-04-10,"San Jose, CA",2015,
4362874,Matt,Corral,FA,QB,19,205,74,24,1999-01-31,"Ventura, CA",,94
4035693,Velus,Jones Jr.,Chi,WR,12,200,72,26,1997-05-11,"Saraland, AL",,71
13987,Blaine,Gabbert,KC,QB,9,235,77,33,1989-10-15,"Ballwin, MO",2011,10
4362477,Derius,Davis,LAC,WR,12,165,68,23,2000-09-11,"Saint Francisville, LA",,125
4361426,Justin,Shorter,Buf,WR,18,223,76,23,2000-04-17,"Monmouth Junction, NJ",,150
4424106,Gunner,Olszewski,Pit,WR,89,190,72,26,1996-11-26,"Alvin, TX",2019,
13994,Cam,Newton,Car,QB,1,245,77,34,1989-05-11,"College Park, GA",2011,1
4427278,Xavier,Gipson,NYJ,WR,82,189,69,22,2001-03-08,"Dallas, TX",,
3127310,Drew,Sample,Cin,TE,89,255,77,27,1996-04-16,"Bellevue, WA",2019,52
4434153,Tyson,Bagent,Chi,QB,17,215,75,23,2000-06-08,"Martinsburg, WV",,
4361417,Zack,Kuntz,FA,TE,81,251,80,24,1999-06-06,"Camp Hill, PA",,220
4240023,Tre',McKitty,LAC,TE,88,246,76,24,1999-01-12,"Wesley Chapel, FL",,97
4374045,Teagan,Quitoriano,Hou,TE,84,258,78,23,2000-03-15,"Salem, OR",,170
4241401,Trey,Sermon,Phi,RB,22,215,72,24,1999-01-30,"Marietta, GA",,88
4361372,Jeremy,Ruckert,NYJ,TE,89,250,77,23,2000-08-11,"Lindenhurst, NY",,101
3115255,Brandon,Powell,Min,WR,4,181,68,28,1995-09-12,"Deerfield Beach, FL",2018,
2574808,Robbie,Chosen,FA,WR,3,185,75,30,1993-05-09,"Fort Lauderdale, FL",2016,
4432620,Parker,Washington,Jax,WR,11,212,70,21,2002-03-21,"Sugar Land, TX",,185
4372526,Deneric,Prince,FA,RB,34,216,72,23,2000-04-11,"Manvel, TX",,
4373266,Antoine,Green,Det,WR,80,199,74,23,1999-11-15,"Rockledge, FL",,219
2975417,Patrick,Ricard,Bal,RB,42,305,75,29,1994-05-27,"Spencer, MA",2017,
3886812,Jake,Browning,Cin,QB,6,209,74,27,1996-04-11,"Folsom, CA",2019,
4241802,Jalen,Reagor,NE,WR,83,197,71,24,1999-01-01,"Waxahachie, TX",2020,21
4372780,Tommy,Tremble,Car,TE,82,250,76,23,2000-06-02,"Johns Creek, GA",,83
3128451,Tre'Quan,Smith,NO,WR,10,210,74,27,1996-01-07,"Delray Beach, FL",2018,91
4242557,Colby,Parkinson,Sea,TE,84,251,79,24,1999-01-08,"Simi Valley, CA",2020,133
2576581,Chris,Moore,Ten,WR,11,200,73,30,1993-06-16,"Tampa, FL",2016,107
4241263,Charlie,Kolar,Bal,TE,88,250,78,24,1999-02-10,"Norman, OK",,128
3914151,Josiah,Deguara,GB,TE,81,238,74,26,1997-02-14,"Folsom, CA",2020,94
4362186,Erik,Ezukanma,Mia,WR,18,206,74,23,2000-01-25,"Fort Worth, TX",,125
4427105,Max,Duggan,FA,QB,8,207,73,22,2001-03-12,"Council Bluffs, IA",,239
15825,Le'Veon,Bell,TB,RB,6,244,73,31,1992-02-18,"Reynoldsburg, OH",2013,48
16790,Jarvis,Landry,FA,WR,5,202,71,30,1992-11-28,"Convent, LA",2014,63
3914397,Scott,Miller,Atl,WR,16,174,69,26,1997-07-31,"Barrington, IL",2019,208
4240573,Ihmir,Smith-Marsette,Car,WR,11,185,73,24,1999-08-29,"Newark, NJ",,157
3915381,John,Kelly Jr.,FA,RB,41,208,70,26,1996-10-04,"Detroit, MI",2018,176
3048898,Elliott,Fry,FA,K,39,170,72,28,1994-12-12,"Frisco, TX",2020,
4043016,Dee,Eskridge,Sea,WR,1,190,69,26,1997-03-23,"Bluffton, IN",,56
3120590,Easton,Stick,LAC,QB,2,224,73,27,1995-09-15,"Omaha, NE",2019,166
3120303,Ross,Dwelley,SF,TE,82,235,77,28,1995-01-26,"El Dorado Hills, CA",2018,
4048228,John,Bates,Wsh,TE,87,259,78,25,1997-11-06,"Lebanon, OR",,124
3139033,Mike,Boone,Hou,RB,22,206,70,28,1995-06-30,"Macclenny, FL",2018,
4034779,Ko,Kieft,TB,TE,41,265,77,25,1998-01-20,"Sioux Center, IA",,218
4361988,James,Mitchell,Det,TE,82,246,76,24,1999-08-11,"Big Stone Gap, VA",,177
2978109,Zach,Pascal,Ari,WR,0,215,74,28,1994-12-18,"Upper Marlboro, MD",2017,
12731,Ryan,Succop,FA,K,3,218,74,36,1986-09-19,"Hickory, NC",2009,256
4362020,Nick,Sciba,FA,K,16,191,69,23,1999-10-02,"Clover, SC",,
4239944,Hunter,Long,LAR,TE,84,253,77,25,1998-08-19,"Exeter, NH",,81
4036416,Byron,Pringle,Wsh,WR,3,203,73,29,1993-11-17,"Tampa, FL",2018,
12477,Brian,Hoyer,LV,QB,7,215,74,37,1985-10-13,"North Olmsted, OH",2009,
3059989,Nick,Mullens,Min,QB,12,210,72,28,1995-03-21,"Hoover, AL",2017,
4045305,Ian,Thomas,Car,TE,80,260,76,27,1996-06-06,"Baltimore, MD",2018,101
4401805,Dareke,Young,Sea,WR,83,224,74,24,1999-06-04,"Raleigh, NC",,233
3052056,River,Cracraft,Mia,WR,85,198,72,28,1994-11-01,"Rancho Santa Margarita, CA",2017,
4383396,Hunter,Luepke,Dal,RB,40,238,73,23,2000-02-28,"Spencer, WI",,
4039505,Reggie,Gilliam,Buf,RB,41,244,72,26,1997-08-20,"Columbus, OH",2020,
2582410,Tyler,Kroft,Mia,TE,82,252,78,30,1992-10-15,"Downingtown, PA",2015,85
3932423,Miles,Boykin,Pit,WR,13,220,76,26,1996-10-12,"Tinley Park, IL",2019,93
3915145,Kirk,Merritt,NO,RB,33,214,73,26,1997-01-05,"Destrehan, LA",2020,
2979520,C.J.,Beathard,Jax,QB,3,215,74,29,1993-11-16,"Franklin, TN",2017,104
4689546,Danny,Gray,SF,WR,6,200,72,24,1999-04-01,"Dallas, TX",,105
3918003,Brycen,Hopkins,LAR,TE,88,245,76,26,1997-03-27,"Nashville, TN",2020,136
4212909,David,Moore,FA,WR,19,219,72,28,1995-01-15,"Gainesville, TX",2017,226
4244049,Quintin,Morris,Buf,TE,85,252,74,24,1999-01-21,"Richmond, TX",,
4039358,Patrick,Taylor,GB,RB,27,217,74,25,1998-04-29,"Humble, TX",2020,
4382466,Jalen,Nailor,Min,WR,83,190,72,24,1999-03-02,"Palmdale, CA",,191
3923392,Mitchell,Wilcox,Cin,TE,84,250,76,26,1996-11-07,"Tarpon Springs, FL",2020,
11387,Matthew,Slater,NE,WR,18,205,72,38,1985-09-09,"Orange, CA",2008,153
2972236,Nathan,Peterman,Chi,QB,14,225,74,29,1994-05-04,"Jacksonville, FL",2017,171
4036146,Caleb,Shudak,FA,K,6,177,67,25,1997-11-19,"Council Bluffs, IA",,
2515270,Michael,Burton,Den,RB,20,247,72,31,1992-02-01,"Long Valley, NJ",2015,168
3040569,Trent,Taylor,Chi,WR,15,178,68,29,1994-04-30,"Shreveport, LA",2017,177
4035170,Marquez,Callaway,FA,WR,,204,74,25,1998-03-27,"Warner Robins, GA",2020,
2573079,Carson,Wentz,FA,QB,11,237,77,30,1992-12-30,"Bismarck, ND",2016,2
4426844,Elijah,Higgins,Ari,TE,84,235,75,22,2000-10-27,"Austin, TX",,197
3052096,Johnny,Mundt,Min,TE,86,233,76,28,1994-11-23,"Modesto, CA",2017,
4240750,Mohamed,Ibrahim,FA,RB,33,203,68,24,1999-09-08,"Baltimore, MD",,
4692835,Jalen,Brooks,Dal,WR,83,205,74,23,2000-05-07,"Harrisburg, NC",,244
3116158,Jason,Cabinda,Det,RB,45,235,73,27,1996-03-17,"Flemington, NJ",2018,
4685201,Tanner,McKee,Phi,QB,10,231,78,23,2000-04-27,"Corona, CA",,188
3047876,KhaDarel,Hodge,Atl,WR,12,183,71,28,1995-01-03,"D Lo, MS",2018,
3116136,Justin,Jackson,Det,RB,38,199,72,27,1996-04-22,"Carol Stream, IL",2018,251
4040628,Binjimen,Victor,FA,WR,81,191,76,26,1997-01-15,"Pompano Beach, FL",2020,
4372026,Cameron,Latu,SF,TE,81,244,77,23,2000-02-24,"Salt Lake City, UT",,101
15948,Matt,Barkley,FA,QB,5,234,74,33,1990-09-08,"Newport Beach, CA",2013,98
15349,Cole,Beasley,FA,WR,9,177,68,34,1989-04-26,"Little Elm, TX",2012,
8664,Ryan,Fitzpatrick,Wsh,QB,14,221,74,40,1982-11-24,"Gilbert, AZ",2005,250
2576716,Jamison,Crowder,Wsh,WR,83,177,69,30,1993-06-17,"Monroe, NC",2015,105
3675812,Bryce,Perkins,FA,QB,16,214,75,26,1996-12-20,"Queen Creek, AZ",2020,
3932430,Jalen,Guyton,LAC,WR,15,212,73,26,1997-06-07,"Allen, TX",2019,
3116407,Mason,Rudolph,Pit,QB,2,235,77,28,1995-07-17,"Rock Hill, SC",2018,76
4429006,Rakim,Jarrett,TB,WR,18,190,72,22,2001-01-24,"Palmer Park, MD",,
4036419,Skylar,Thompson,Mia,QB,6,219,74,26,1997-06-04,"Independence, MO",,247
15705,Josh,Gordon,FA,WR,19,224,75,32,1991-04-13,"Houston, TX",2012,
3895785,Ben,DiNucci,FA,QB,6,215,74,26,1996-11-24,"Wexford, PA",2020,231
4039607,J.J.,Taylor,FA,RB,42,190,66,25,1998-01-04,"Corona, CA",2020,
4426426,Joseph,Ngata,FA,WR,86,217,75,22,2001-01-09,"Folsom, CA",,
4363409,Austin,Watkins Jr.,FA,WR,80,210,75,25,1998-02-16,"Fort Myers, FL",,
4056052,Armani,Rogers,Wsh,TE,88,225,77,25,1997-12-04,"Los Angeles, CA",,
9614,Marcedes,Lewis,Chi,TE,84,265,78,39,1984-05-19,"Long Beach, CA",2006,28
4367186,Chase,Cota,FA,WR,88,205,76,23,1999-11-09,"Medford, OR",,
17315,Keith,Smith,Atl,RB,40,240,72,31,1992-04-08,"Covina, CA",2014,
4241273,Roger,Carter Jr.,FA,TE,49,250,74,24,1999-03-31,"Columbia, SC",,
4567246,Snoop,Conner,FA,RB,24,222,70,23,2000-08-01,"Hattiesburg, MS",,154
3126115,Cody,Thompson,Sea,WR,13,205,74,27,1996-01-11,"Huron, OH",2019,
3052177,John,Ross,KC,WR,85,194,71,27,1995-11-27,"Long Beach, CA",2017,9
2579604,Phillip,Dorsett,Den,WR,13,185,70,30,1993-01-05,"Fort Lauderdale, FL",2015,29
4722908,Drew,Ogletree,Ind,TE,85,260,77,25,1998-07-28,"Dayton, OH",,192
4039253,Trevon,Wesco,Ten,TE,88,267,75,28,1995-09-12,"Martinsburg, WV",2019,121
13981,Mark,Ingram II,FA,RB,22,215,69,33,1989-12-21,"Flint, MI",2011,28
4242873,Eno,Benjamin,NO,RB,26,207,69,24,1999-04-13,"Wylie, TX",2020,222
4241374,Grant,Calcaterra,Phi,TE,81,240,76,24,1998-12-04,"Rancho Santa Margarita, CA",,198
4682912,Lirim,Hajrullahu,FA,K,9,205,71,33,1990-04-24,"Gjilan, ",,
4036224,Jake,Funk,Ind,RB,34,205,70,25,1998-01-11,"Gaithersburg, MD",,233
2576450,Derek,Watt,FA,RB,44,234,74,30,1992-11-07,"Pewaukee, WI",2016,198
11252,Joe,Flacco,FA,QB,19,245,78,38,1985-01-16,"Audubon, NJ",2008,18
4241424,Tylan,Wallace,Bal,WR,16,193,71,24,1999-05-13,"Fort Worth, TX",,131
2998120,Josh,Lambo,FA,K,6,215,72,32,1990-11-19,"Middleton, WI",2015,
4244651,D'vonte,Price,FA,RB,27,210,73,24,1999-06-02,"Punta Gorda, FL",,
4426553,Davis,Allen,LAR,TE,87,245,78,22,2001-02-03,"Calhoun, GA",,175
4040612,Luke,Farrell,Jax,TE,89,250,77,25,1997-10-14,"Perry, OH",,145
4039057,Lil'Jordan,Humphrey,Den,WR,17,225,76,25,1998-04-19,"Southlake, TX",2019,
16913,James,White,NE,RB,28,205,70,31,1992-02-03,"Fort Lauderdale, FL",2014,130
4373632,Jaren,Hall,Min,QB,16,207,72,25,1998-03-24,"Spanish Fork, UT",,164
4245131,Tim,Jones,Jax,WR,15,200,73,25,1998-05-15,"Biloxi, MS",,
4362504,Brevin,Jordan,Hou,TE,9,245,75,23,2000-07-16,"Las Vegas, NV",,147
2980077,Jonathan,Williams,FA,RB,41,217,72,29,1994-02-02,"Allen, TX",2016,156
4879650,Grant,DuBose,FA,WR,86,201,74,22,2001-06-20,"Montgomery, AL",,256
4035020,Charlie,Woerner,SF,TE,89,241,77,25,1997-10-16,"Tiger, GA",2020,190
2974858,Kenny,Golladay,FA,WR,19,213,76,29,1993-11-03,"Chicago, IL",2017,96
4039359,Darrell,Henderson Jr.,FA,RB,25,208,68,26,1997-08-19,"Batesville, MS",2019,70
3926231,Britain,Covey,Phi,WR,18,173,68,26,1997-03-18,"Provo, UT",,
4034952,La'Mical,Perine,FA,RB,29,216,71,25,1998-01-30,"Mobile, AL",2020,120
3125107,Andrew,Beck,Hou,RB,47,255,75,27,1996-05-15,"Tampa, FL",2019,
15091,Randy,Bullock,FA,K,14,210,69,33,1989-12-16,"Klein, TX",2012,161
2531358,Chris,Manhertz,Den,TE,84,235,78,31,1992-04-10,"Bronx, NY",2016,
3115349,Jakob,Johnson,LV,RB,45,255,75,28,1994-12-15,"Stuttgart, ",2019,
15971,Rex,Burkhead,FA,RB,28,215,70,33,1990-07-02,"Plano, TX",2013,190
3128721,Sony,Michel,LAR,RB,,215,71,28,1995-02-17,"Plantation, FL",2018,31
3128444,Matthew,Wright,FA,K,47,174,71,27,1996-03-22,"Lancaster, PA",2020,
14877,Nick,Foles,FA,QB,9,243,78,34,1989-01-20,"Austin, TX",2012,88
4240380,KJ,Hamler,FA,WR,1,178,69,24,1999-07-08,"Pontiac, MI",2020,46
4360086,Josh,Whyle,Ten,TE,81,248,79,24,1999-09-08,"Cincinnati, OH",,147
4033806,James,McCourt,FA,K,12,216,71,25,1997-11-09,"Parkland, FL",,
4212989,Dan,Arnold,FA,TE,46,240,78,28,1995-03-15,"Fargo, ND",2017,
3046409,Alex,Collins,FA,RB,41,210,70,29,1994-08-26,"Fort Lauderdale, FL",2016,171
4373642,Dax,Milne,Wsh,WR,15,190,72,24,1999-06-23,"South Jordan, UT",,258
15837,Mike,Glennon,FA,QB,16,225,78,33,1989-12-12,"Centreville, VA",2013,73
2511109,Trevor,Siemian,FA,QB,19,220,75,31,1991-12-26,"Windermere, FL",2015,250
11237,Matt,Ryan,FA,QB,2,220,76,38,1985-05-17,"Exton, PA",2008,3
2975863,Eric,Saubert,FA,TE,82,253,77,29,1994-05-09,"Hoffman Estates, IL",2017,174
4365395,Julian,Hill,Mia,TE,89,247,76,23,2000-07-09,"Fayetteville, NC",,
4035403,Denzel,Mims,FA,WR,17,207,75,25,1997-10-10,"Daingerfield, TX",2020,59
4243003,Ronnie,Rivers,LAR,RB,20,195,69,24,1999-01-31,"Brentwood, CA",,
4245639,Stanley,Berryhill,Det,WR,83,190,71,25,1998-06-09,"Tucson, AZ",,
3917849,Lawrence,Cager,NYG,TE,83,220,77,26,1997-08-20,"Baltimore, MD",2020,
4408854,Jody,Fortson,KC,TE,88,226,76,27,1995-12-07,"Buffalo, NY",2019,
3046401,Keith,Kirkwood,NO,WR,18,210,75,29,1993-12-26,"Neptune, NJ",2018,
4239992,Amari,Rodgers,FA,WR,3,212,69,23,1999-09-23,"Knoxville, TN",,85
3051889,Laquon,Treadwell,FA,WR,5,215,74,28,1995-06-14,"Crete, IL",2016,23
4428119,Lew,Nichols,FA,RB,32,220,70,22,2001-08-16,"Detroit, MI",,235
3915411,Ty,Johnson,Buf,RB,25,210,70,25,1997-09-17,"Cumberland, MD",2019,186
4241820,Sam,Ehlinger,Ind,QB,4,225,74,24,1998-09-30,"Austin, TX",,218
13983,A.J.,Green,FA,WR,18,207,76,35,1988-07-31,"Summerville, SC",2011,4
4241588,Elijah,Cooks,Jax,WR,84,215,76,24,1998-10-13,"Atascadero, CA",,
4243322,Jake,Haener,NO,QB,14,200,73,24,1999-03-10,"Danville, CA",,127
4035312,Anthony,Brown,FA,QB,12,228,73,25,1998-07-27,"Cliffwood, NJ",,
4242369,Matt,Bushman,KC,TE,49,245,77,27,1995-11-03,"Tucson, AZ",,
4259976,Josh,Ali,Atl,WR,80,193,72,24,1999-03-03,"Hollywood, FL",,
2572861,J.D.,McKissic,FA,RB,23,195,70,30,1993-08-15,"Phenix City, AL",2016,
4250945,Colton,Dowell,Ten,WR,14,212,75,24,1999-04-19,"Lebanon, TN",,228
3045141,Chris,Blewitt,FA,K,12,195,69,28,1995-05-02,"Alexandria, VA",2019,
3821683,Austin,Seibert,FA,K,19,200,69,26,1996-11-15,"Belleville, IL",2019,170
3139605,Marlon,Mack,Ari,RB,32,210,71,27,1996-03-07,"Sarasota, FL",2017,143
3929914,Adam,Prentice,NO,RB,46,245,72,26,1997-01-16,"Fresno, CA",,
11291,Chad,Henne,KC,QB,4,230,75,38,1985-07-02,"Wyomissing, PA",2008,57
17082,Cody,Parkey,FA,K,6,193,72,31,1992-02-19,"Jupiter, FL",2014,
4379401,John,FitzPatrick,Atl,TE,87,250,79,23,2000-03-09,"Atlanta, GA",,213
4362523,Will,Mallory,Ind,TE,86,239,76,24,1999-06-22,"Jacksonville, FL",,162
4260406,Zander,Horvath,Pit,RB,45,230,75,24,1998-12-10,"Mishawaka, IN",,260
4244732,Caleb,Huntley,FA,RB,42,229,70,24,1998-09-15,"Atlanta, GA",,
11394,Josh,Johnson,Bal,QB,17,214,75,37,1986-05-15,"Oakland, CA",2008,160
4371986,Anthony,Schwartz,Cle,WR,10,186,72,23,2000-09-05,"Pembroke Pines, FL",,91
4362748,Tyler,Badie,FA,RB,36,197,68,23,2000-02-07,"Memphis, TN",,196
3051308,PJ,Walker,FA,QB,,216,71,28,1995-02-26,"Elizabeth, NJ",2017,
16725,Sammy,Watkins,FA,WR,82,211,73,30,1993-06-14,"Fort Myers, FL",2014,4
2574511,Brandon,Allen,SF,QB,4,209,74,31,1992-09-05,"Fayetteville, AR",2016,201
4372505,Payne,Durham,TB,TE,87,253,78,23,2000-06-15,"Suwanee, GA",,171
14471,Nick,Bellore,Sea,RB,44,250,73,34,1989-05-12,"Whitefish Bay, WI",2011,
4690070,Mitchell,Tinsley,Wsh,WR,86,205,73,23,1999-09-15,"Lee's Summit, MO",,
4361435,Carson,Strong,FA,QB,16,226,75,23,1999-09-14,"Vacaville, CA",,
2577641,Jakeem,Grant Sr.,Cle,WR,9,170,66,30,1992-10-30,"Mesquite, TX",2016,186
15168,Case,Keenum,Hou,QB,18,206,73,35,1988-02-17,"Abilene, TX",2012,
4047648,Tre,Nixon,NE,WR,82,190,74,25,1998-01-26,"Viera, FL",,242
4360290,Brayden,Willis,SF,TE,9,240,76,23,1999-11-11,"Arlington, TX",,247
4035526,Chase,Allen,FA,TE,87,251,78,26,1997-07-09,"Nixa, MO",,
2575891,Paul,Quessenberry,FA,TE,40,250,74,31,1992-01-08,"Carlsbad, CA",2020,
2508256,MyCole,Pruitt,Atl,TE,85,258,74,31,1992-03-24,"St. Louis, MO",2015,143
3122154,Khari,Blasingame,Chi,RB,35,233,72,27,1996-07-01,"Huntsville, AL",2019,
4239768,Spencer,Brown,FA,RB,41,220,72,24,1998-11-13,"Kimberly, AL",,
12537,Jared,Cook,FA,TE,87,246,77,36,1987-04-07,"Suwanee, GA",2009,89
4061956,Ashton,Dulin,Ind,WR,16,215,74,26,1997-05-15,"Reynoldsburg, OH",2019,
4361778,Kearis,Jackson,Ten,WR,5,196,71,23,1999-12-09,"Fort Valley, GA",,
2576491,Adam,Humphries,FA,WR,27,195,71,30,1993-06-24,"Spartanburg, SC",2015,
4036431,Darrynton,Evans,FA,RB,37,203,70,25,1998-07-09,"Oak Hill, FL",2020,93
4569390,Jonathan,Garibay,FA,K,1,217,71,24,1999-08-16,"Rubidoux, CA",,
3127306,Dante,Pettis,FA,WR,86,195,73,27,1995-10-23,"San Clemente, CA",2018,44
3043080,O.J.,Howard,FA,TE,88,250,78,28,1994-11-19,"Prattville, AL",2017,19
3046704,Geoff,Swaim,Ari,TE,84,260,76,29,1993-09-16,"Chico, CA",2015,246
17359,Damien,Williams,FA,RB,32,221,71,31,1992-04-03,"San Diego, CA",2014,
14924,T.Y.,Hilton,FA,WR,16,183,69,33,1989-11-14,"Miami, FL",2012,92
4259499,Shi,Smith,FA,WR,12,190,70,24,1998-10-26,"Union, SC",,204
3917546,Penny,Hart,Atl,WR,19,180,68,27,1996-07-05,"Roswell, GA",2019,
4046678,Ian,Book,FA,QB,19,206,72,25,1998-03-30,"El Dorado Hills, CA",,133
3042429,Wendell,Smallwood,FA,RB,38,208,70,29,1994-01-20,"Wilmington, DE",2016,153
3917558,Brandon,Wright,FA,K,16,182,70,26,1997-02-18,"Atlanta, GA",2020,
3914307,Maurice,Alexander,FA,WR,15,180,71,26,1997-01-10,"Florida City, FL",,
3040535,Kurt,Benkert,FA,QB,14,218,75,28,1995-07-17,"Cape Coral, FL",2018,
3914328,Andy,Isabella,FA,WR,87,188,69,26,1996-11-18,"Mayfield, OH",2019,62
3940587,Jesper,Horsted,LV,TE,80,237,75,26,1997-02-27,"Shoreview, MN",2019,
3052083,Devon,Allen,FA,WR,82,190,73,28,1994-12-12,"Phoenix, AZ",,
3125232,Nick,Bawden,NYJ,RB,48,245,74,27,1996-06-22,"Los Gatos, CA",2018,237
16944,Devonta,Freeman,FA,RB,33,206,68,31,1992-03-15,"Miami, FL",2014,103
3910176,Kristian,Wilkerson,LV,WR,83,214,73,26,1997-01-10,"Memphis, TN",2020,
3068939,Aldrick,Rosas,FA,K,13,221,74,28,1994-12-30,"Orland, CA",2017,
4360406,Mataeo,Durant,FA,RB,40,195,73,23,1999-12-04,"Plum Branch, SC",,
4911488,Jared,Bernhardt,Atl,WR,83,195,73,25,1997-09-12,"Longwood, FL",,
3919602,Matt,Ammendola,FA,K,8,189,70,26,1996-12-11,"Lansdale, PA",,
3919557,Scotty,Washington,FA,TE,17,245,77,26,1997-07-26,"Washington, DC",2020,
4249624,Nick,Muse,Min,TE,34,252,77,24,1998-11-25,"Belmont, NC",,227
2991767,Blake,Jarwin,Dal,TE,89,260,77,29,1994-07-16,"Tuttle, OK",2017,
4242504,Johnny,Johnson III,FA,WR,88,199,73,24,1999-05-04,"Chandler, AZ",,
3929924,Zach,Gentry,FA,TE,82,265,80,27,1996-09-10,"Albuquerque, NM",2019,141
2971281,Pharaoh,Brown,NE,TE,86,246,77,29,1994-05-04,"Lyndhurst, OH",2017,
3045238,Godwin,Igwebuike,FA,RB,42,213,72,29,1994-09-10,"Columbus, OH",2018,
3929636,Irvin,Charles,NYJ,WR,19,219,76,26,1997-04-13,"Sicklerville, NJ",,
4428952,Jalen,Wydermyer,FA,TE,49,265,77,22,2000-12-20,"Dickinson, TX",,
4035072,Benny,Snell Jr.,FA,RB,38,224,70,25,1998-02-27,"Westerville, OH",2019,122
2508176,David,Johnson,FA,RB,28,224,73,31,1991-12-16,"Clinton, IA",2015,86
3913295,Justin,Rohrwasser,FA,K,,230,75,26,1996-12-07,"Clifton Park, NY",2020,159
11283,DeSean,Jackson,FA,WR,15,175,70,36,1986-12-01,"Los Angeles, CA",2008,49
3932420,Josh,Adams,FA,RB,31,225,74,26,1996-10-29,"Warrington, PA",2018,
4048259,Avery,Williams,Atl,RB,26,195,69,25,1998-07-15,"Pasadena, CA",,183
4240689,Jake,Fromm,FA,QB,11,215,74,25,1998-07-30,"Warner Robins, GA",2020,167
3917940,Hakeem,Butler,FA,WR,21,227,77,27,1996-05-16,"Baltimore, MD",2019,103
4047839,N'Keal,Harry,FA,WR,13,225,76,25,1997-12-17,"Chandler, AZ",2019,32
3115252,Will,Grier,FA,QB,7,220,73,28,1995-04-03,"Charlotte, NC",2019,100
4039034,Shane,Buechele,FA,QB,6,210,72,25,1998-01-08,"Arlington, TX",,
3115375,Darrel,Williams,FA,RB,34,224,71,28,1995-04-15,"Marrero, LA",2018,
4037591,Joe,Reed,Chi,WR,80,224,72,25,1998-01-04,"Charlotte Court House, VA",2020,151
4046184,Brian,Johnson,FA,K,16,185,73,24,1999-03-05,"Washington, DC",,
4046532,Quinn,Nordin,FA,K,13,189,73,25,1998-08-16,"Rockford, MI",,
2979501,Nate,Sudfeld,Det,QB,10,230,78,29,1993-10-07,"Modesto, CA",2016,187
4360231,Lucas,Krull,FA,TE,85,260,78,25,1998-07-11,"Shawnee, KS",,
2576395,Devin,Smith,Car,WR,82,200,73,31,1992-03-03,"Massillon, OH",2015,37
2578533,Chris,Conley,FA,WR,17,205,75,30,1992-10-25,"Dallas, GA",2015,76
4249030,D.J.,Montgomery,FA,WR,8,201,73,26,1996-11-17,"Durant, MS",2019,
16777,Carlos,Hyde,Jax,RB,24,229,72,32,1990-09-20,"Naples, FL",2014,57
4036448,Jalen,Virgil,Den,WR,15,210,73,25,1998-07-13,"Lawrenceville, GA",,
4062711,Ethan,Fernea,FA,WR,84,195,72,25,1998-03-02,"Dripping Springs, TX",,
4241205,Larry,Rountree III,FA,RB,49,210,70,24,1999-02-13,"Raleigh, NC",,198
3040035,Greg,Ward,FA,WR,84,190,71,28,1995-07-12,"Tyler, TX",2017,
4046164,Alex,Kessman,FA,K,19,190,75,25,1998-01-02,"Clarkston, MI",,
3886377,Josh,Rosen,FA,QB,15,226,76,26,1997-02-10,"Manhattan Beach, CA",2018,10
3919596,Chris,Carson,FA,RB,32,222,71,28,1994-09-16,"Lilburn, GA",2017,249
3115360,Ethan,Wolf,FA,TE,86,261,78,27,1995-11-07,"Minster, OH",2018,
3921970,Sutton,Smith,LV,RB,41,235,72,27,1996-03-22,"Saint Charles, MO",2019,175
3700815,Kendall,Hinton,FA,WR,9,195,72,26,1997-02-19,"Durham, NC",2020,
3895827,Ty'Son,Williams,FA,RB,22,220,72,27,1996-09-04,"Sumter, SC",2020,
4259908,Braylon,Sanders,FA,WR,86,190,73,24,1999-01-21,"Hogansville, GA",,
14054,Kyle,Rudolph,FA,TE,8,258,78,33,1989-11-09,"Cincinnati, OH",2011,43
3932960,Dominik,Eberle,FA,K,17,190,74,27,1996-04-07,"Nuremberg, PA",2020,
3126246,Dontrell,Hilliard,FA,RB,40,202,71,28,1995-02-26,"Baton Rouge, LA",2018,
3042910,Rashard,Higgins,FA,WR,17,198,73,28,1994-10-07,"Dallas, TX",2016,172
3122449,James,Washington,FA,WR,12,213,71,27,1996-04-02,"Stamford, TX",2018,60
4044111,Chris,Oladokun,FA,QB,6,195,74,26,1997-09-03,"Tampa, FL",,241
4608362,Shane,Zylstra,Det,TE,84,240,76,26,1996-11-16,"Spicer, MN",,
4240904,Kellen,Mond,FA,QB,7,217,75,24,1999-06-22,"San Antonio, TX",,66
4250764,Stone,Smartt,LAC,TE,84,226,76,24,1998-10-04,"Sacramento, CA",,
4038818,Bryan,Edwards,FA,WR,11,215,75,24,1998-11-13,"Conway, SC",2020,81
3042749,Logan,Woodside,Atl,QB,11,213,73,28,1995-01-27,"Frankfort, KY",2018,249
4035793,Quintez,Cephus,FA,WR,87,208,73,25,1998-04-01,"Macon, GA",2020,166
4038994,Sam,Sloman,FA,K,1,205,68,25,1997-09-19,"Roswell, GA",2020,248
4044144,Kenny,Yeboah,NYJ,TE,88,250,75,24,1998-10-30,"Allentown, PA",,
4035098,Tucker,McCann,FA,K,7,218,72,25,1997-11-10,"O'Fallon, IL",2020,
3121378,Matt,Sokol,FA,TE,87,258,77,27,1995-11-09,"Rochester, MI",2019,
4248822,Montrell,Washington,FA,WR,,170,70,24,1999-03-16,"Canton, GA",,162
3931397,J.J.,Arcega-Whiteside,FA,WR,83,225,74,26,1996-12-31,"Inman, SC",2019,57
2578718,Taylor,Bertolet,FA,K,12,190,69,30,1992-10-24,"Reading, PA",2019,
3040204,Ryan,Santoso,FA,K,2,258,77,28,1995-08-26,"Pace, FL",2019,
3914240,Tyler,Davis,GB,TE,84,252,76,26,1997-04-02,"North Bellmore, NY",2020,206
4035912,Kwamie,Lassiter II,FA,WR,18,185,71,25,1998-01-21,"Chandler, AZ",,
3128774,Kalen,Ballage,FA,RB,29,231,74,27,1995-12-22,"Peyton, CO",2018,131
4035826,Demetric,Felton Jr.,FA,RB,34,185,69,25,1998-07-16,"Temecula, CA",,211
17258,Willie,Snead IV,FA,WR,83,195,71,30,1992-10-17,"Winter Park, FL",2014,
4373030,Ben,Sims,GB,TE,89,250,77,23,2000-05-16,"San Antonio, TX",,
2977800,Alex,Erickson,FA,WR,82,195,72,30,1992-11-06,"Darlington, WI",2016,
3002265,Dwayne,Washington,FA,RB,39,223,73,29,1994-04-24,"Lakewood, CA",2016,236
4046522,Devin,Asiasi,FA,TE,86,260,75,26,1997-08-14,"San Mateo, CA",2020,91
4241224,Abram,Smith,FA,RB,41,221,71,24,1998-09-14,"Abilene, TX",,
3917960,Steven,Sims,FA,WR,82,176,70,26,1997-03-31,"Houston, TX",2019,
4360174,Michael,Woods II,Cle,WR,12,204,73,23,2000-03-19,"Magnolia, TX",,202
3123986,Mike,Thomas,FA,WR,87,200,73,29,1994-08-16,"Chicago, IL",2016,206
4242231,Racey,McMath,FA,WR,15,217,75,24,1999-06-14,"New Orleans, LA",,205
4031033,Cade,Johnson,FA,WR,88,184,70,25,1998-04-10,"Papillion, NE",,
4259147,Jake,Tonges,FA,TE,81,240,76,24,1999-07-08,"Los Gatos, CA",,
2972460,Breshad,Perriman,FA,WR,9,215,74,30,1993-09-10,"Lithonia, GA",2015,26
15887,Ryan,Griffin,FA,TE,84,255,78,33,1990-01-11,"Londonderry, NH",2013,201
3930035,Nakia,Griffin-Stewart,FA,TE,,260,77,26,1996-11-12,"Tenafly, NJ",2020,
3122672,Royce,Freeman,FA,RB,24,238,72,27,1996-02-24,"Imperial, CA",2018,71
2570986,Malcolm,Brown,FA,RB,41,225,71,30,1993-05-15,"Cibolo, TX",2015,
3047536,David,Wells,TB,TE,89,260,78,28,1995-05-02,"Clovis, CA",2018,
3122818,Tommy,Sweeney,NYG,TE,89,251,76,28,1995-07-01,"Ramsey, NJ",2019,228
3045169,Tim,Boyle,FA,QB,7,232,76,28,1994-10-03,"Middlefield, CT",2018,
2980073,Jeremy,Sprinkle,FA,TE,87,252,77,29,1994-08-10,"White Hall, AR",2017,154
4034948,Feleipe,Franks,Atl,TE,15,234,78,25,1997-12-22,"Crawfordville, FL",,
3124537,KeeSean,Johnson,FA,WR,81,201,73,26,1996-10-09,"East Palo Alto, CA",2019,174
3123944,Qadree,Ollison,Pit,RB,41,232,73,27,1996-09-08,"Niagara Falls, NY",2019,152
14167,Taiwan,Jones,NYG,RB,36,195,72,35,1988-07-26,"Antioch, CA",2011,125
4262900,Daylen,Baldwin,FA,WR,17,212,74,23,1999-11-24,"Southfield, MI",,
4036026,Dez,Fitzpatrick,FA,WR,82,208,74,25,1997-12-17,"Farmington Hills, MI",,109
4360739,Simi,Fehoko,FA,WR,,218,76,25,1997-11-05,"Sandy, UT",,179
4055171,Anthony,Gordon,FA,QB,8,201,74,27,1996-08-28,"Pacifica, CA",2020,
3025433,Mike,Davis,FA,RB,28,220,69,30,1993-02-19,"Atlanta, GA",2015,126
3916564,Tyree,Jackson,FA,TE,84,249,79,25,1997-11-07,"Norton Shores, MI",2021,
4383440,Nate,Adkins,Den,TE,45,252,75,24,1999-07-09,"Knoxville, TN",,
4039307,Marquez,Stevenson,FA,WR,13,180,70,25,1998-03-26,"Shreveport, LA",,203
3916204,James,Proche II,FA,WR,10,201,71,26,1996-09-21,"Dallas, TX",2020,201
3116188,David,Blough,FA,QB,10,207,73,28,1995-07-31,"Carrollton, TX",2019,
3052117,Phillip,Lindsay,FA,RB,30,190,68,29,1994-07-24,"Aurora, CO",2018,
3916587,Tyler,Mabry,FA,TE,85,247,75,26,1996-11-21,"Ypsilanti, MI",2020,
4362452,Jaret,Patterson,FA,RB,32,195,68,23,1999-12-23,"Glendale, MO",,
3123857,Austin,Walter,LV,RB,32,202,68,27,1996-08-17,"Crosby, TX",2019,
4043158,T.J.,Vasher,FA,WR,16,210,77,25,1998-08-29,"Wichita Falls, TX",,
3127211,Patrick,Laird,FA,RB,25,205,72,28,1995-08-17,"Arroyo Grande, CA",2019,
3916129,Isaiah,Zuber,FA,WR,19,190,72,26,1997-04-15,"Stone Mountain, GA",2020,
4258170,Tarik,Black,FA,WR,81,213,75,25,1998-02-10,"Hamden, CT",,
3124069,Isaiah,Ford,FA,WR,32,195,74,27,1996-02-09,"Jacksonville, FL",2017,237
4746079,Zach,Davidson,Buf,TE,84,245,79,25,1998-07-15,"Webb City, MO",,168
2310331,Tyler,Johnson,FA,WR,14,205,73,25,1998-08-25,"Minneapolis, MN",2020,161
4029893,Antonio,Gandy-Golden,Wsh,TE,18,223,76,25,1998-04-11,"Dallas, GA",2020,142
4259169,Trestan,Ebner,FA,RB,25,206,71,24,1999-01-02,"Henderson, TX",,203
3052876,William,Fuller V,FA,WR,3,184,73,29,1994-04-16,"Philadelphia, PA",2016,21
4036032,Brittain,Brown,LV,RB,38,205,73,25,1997-10-10,"Canton, GA",,250
4247812,Lance,McCutcheon,FA,WR,,202,75,24,1999-02-28,"Bozeman, MT",,
3126997,Tom,Kennedy,Det,WR,85,195,70,27,1996-07-29,"Farmingdale, NY",2019,
2979477,Tevin,Coleman,FA,RB,28,210,73,30,1993-04-16,"Tinley Park, IL",2015,73
3048897,Pharoh,Cooper,FA,WR,15,207,71,28,1995-03-07,"Havelock, NC",2016,117
4040790,Jason,Huntley,FA,RB,36,195,69,25,1998-04-20,"Arlington, TX",2020,172
3916749,Giovanni,Ricci,Car,TE,45,240,75,26,1996-10-16,"Loveland, OH",2020,
4371974,Seth,Williams,Jax,WR,81,211,74,23,2000-04-10,"Cottondale, AL",,219
3926936,Reid,Sinnett,FA,QB,7,225,76,26,1997-02-05,"Johnston, IA",2020,
17453,Cameron,Brate,FA,TE,84,245,77,32,1991-07-03,"Naperville, IL",2014,
2972091,Jalen,Richard,FA,RB,30,205,68,29,1993-10-15,"Alexandria, LA",2016,
3046399,Marcus,Kemp,FA,WR,19,210,76,28,1995-08-14,"Layton, UT",2017,
12471,Chase,Daniel,FA,QB,4,229,72,36,1986-10-07,"Southlake, TX",2009,
2974317,Andy,Janovich,FA,RB,41,238,73,30,1993-05-23,"Gretna, NE",2016,176
4259305,Bo,Melton,FA,WR,80,189,71,24,1999-05-18,"Mays Landing, NJ",,229
15786,Tavon,Austin,FA,WR,86,185,68,33,1990-03-15,"Baltimore, MD",2013,8
3125403,Brian,Hill,FA,RB,36,216,73,27,1995-11-09,"Belleville, IL",2017,156
3722362,Brett,Rypien,LAR,QB,11,202,74,27,1996-07-09,"Spokane, WA",2019,
2508079,James,O'Shaughnessy,FA,TE,89,245,76,31,1992-01-14,"Naperville, IL",2015,173
4820592,Nate,McCrary,FA,RB,46,213,72,24,1999-04-09,"Muskegon, MI",,
3120659,Daurice,Fountain,FA,WR,,210,73,27,1995-12-22,"Madison, WI",2018,159
16504,Jack,Doyle,Ind,TE,84,262,78,33,1990-05-05,"Indianapolis, IN",2013,
3144991,Parker,Hesse,Atl,TE,46,261,75,28,1995-05-26,"Waukon, IA",2019,
4034964,Tyrie,Cleveland,FA,WR,85,205,74,25,1997-09-20,"Houston, TX",2020,252
15826,Giovani,Bernard,FA,RB,25,205,69,31,1991-11-22,"Davie, FL",2013,37
2969962,Duke,Johnson,FA,RB,22,210,69,29,1993-09-23,"Miami, FL",2015,77
3040206,Chris,Streveler,FA,QB,15,216,73,28,1995-01-06,"Crystal Lake, IL",2020,
3051806,Ricky,Seals-Jones,FA,TE,48,243,77,28,1995-03-15,"Sealy, TX",2017,
3699935,Devine,Ozigbo,FA,RB,30,225,74,26,1996-10-02,"Sachse, TX",2019,
2574630,Jeff,Driskel,FA,QB,19,235,76,30,1993-04-23,"Oviedo, FL",2016,207
13295,Emmanuel,Sanders,FA,WR,1,180,71,36,1987-03-17,"Bellville, TX",2010,82
3115314,Cam,Sims,FA,WR,87,214,77,27,1996-01-06,"Monroe, LA",2018,
2970090,Trey,Edmunds,FA,RB,33,223,74,28,1994-12-30,"Danville, VA",2017,
4035102,Damarea,Crockett,FA,RB,33,225,71,25,1997-12-22,"Little Rock, AR",2019,
11674,Danny,Amendola,FA,WR,89,185,71,37,1985-11-02,"The Woodlands, TX",2008,
3925346,Derrick,Gore,FA,RB,38,212,70,28,1994-12-13,"Syracuse, NY",2019,
4036149,Nate,Stanley,FA,QB,14,233,76,26,1997-08-26,"Menomonie, WI",2020,244
3122143,Cullen,Gillaspia,FA,RB,41,235,74,28,1995-06-12,"Katy, TX",2019,220
4038460,Dillon,Stoner,FA,WR,16,194,72,25,1998-02-06,"Tulsa, OK",,
4035465,Cornell,Powell,FA,WR,14,204,72,25,1997-10-30,"Greenville, NC",,181
3930900,Ben,Ellefson,Min,TE,82,250,75,27,1996-09-01,"Hawley, MN",2020,
4036189,Thaddeus,Moss,FA,TE,81,240,75,25,1998-05-14,"Charlotte, NC",2020,
4916349,Nikola,Kalinic,FA,TE,83,245,76,26,1997-01-21,"Toronto, ON",,
3071572,Keelan,Cole Sr.,FA,WR,84,194,73,30,1993-04-20,"Louisville, KY",2017,
4245144,Tay,Martin,FA,WR,86,185,75,25,1997-12-14,"Houma, LA",,
14215,Lee,Smith,FA,TE,85,269,78,35,1987-11-21,"Powell, TN",2011,159
2575965,Elijhaa,Penny,FA,RB,39,234,74,30,1993-08-07,"Lakewood, CA",2016,
3122866,Devontae,Booker,FA,RB,28,219,71,31,1992-05-27,"Sacramento, CA",2016,136
2577667,Damiere,Byrd,FA,WR,18,175,69,30,1993-01-27,"Sicklerville, NJ",2015,
3059918,Rodney,Adams,FA,WR,,189,73,28,1994-09-15,"Saint Petersburg, FL",2017,170
3040470,Cethan,Carter,Mia,TE,82,248,75,28,1995-09-05,"New Orleans, LA",2017,
4035019,Javon,Wims,FA,WR,13,215,76,29,1994-09-11,"Miami, FL",2018,224
4572786,Dennis,Houston,FA,WR,88,198,73,24,1999-04-24,"San Antonio, TX",,
3871102,David,Sills V,FA,WR,87,211,75,27,1996-05-29,"Wilmington, DE",2019,
4259979,Lynn,Bowden,FA,WR,84,204,71,25,1997-10-14,"Youngstown, OH",2020,80
3116721,Jaylen,Samuels,FA,RB,27,225,72,27,1996-07-29,"Charlotte, NC",2018,165
4242896,Curtis,Hodges,Wsh,TE,80,240,80,24,1999-07-03,"Mesa, AZ",,
4034950,Freddie,Swain,FA,WR,38,199,72,25,1998-08-04,"Ocala, FL",2020,214
3936647,Ross,Travis,FA,TE,86,235,79,30,1993-01-09,"Chaska, MN",2015,
2983209,Chester,Rogers,FA,WR,80,180,73,29,1994-01-12,"Huntsville, AL",2016,
4274040,Troy,Hairston,Hou,RB,34,245,71,24,1998-12-08,"Birmingham, MI",,
4242270,Kyric,McGowan,FA,WR,83,198,71,23,1999-11-01,"Dalton, GA",,
16140,Ryan,Griffin,FA,QB,4,218,76,33,1989-11-17,"Westlake Village, CA",2013,
4069817,JaQuan,Hardy,FA,RB,41,225,70,25,1997-12-31,"Westlake, OH",,
4047422,Tanner,Conner,FA,TE,80,232,75,25,1998-03-20,"Kent, WA",,
3915823,Keke,Coutee,FA,WR,88,180,71,26,1997-01-14,"Lufkin, TX",2018,103
4035426,Stephen,Sullivan,Car,TE,84,245,77,26,1996-11-28,"Donaldsonville, LA",2020,251
4035003,Jacob,Eason,FA,QB,16,230,78,25,1997-11-17,"Lake Stevens, WA",2020,122
3045127,Wayne,Gallman,FA,RB,29,210,72,28,1994-10-01,"Loganville, GA",2017,140
3893625,Nick,Ralston,FA,RB,46,237,72,26,1996-11-10,"Argyle, TX",,
2978308,Jaydon,Mickens,FA,WR,88,174,70,29,1994-04-21,"Los Angeles, CA",2016,
3124092,John,Wolford,FA,QB,11,200,73,27,1995-10-16,"Jacksonville, FL",2021,
3049698,Anthony,Firkser,FA,TE,86,245,74,28,1995-02-19,"Manalapan, NJ",2017,
4044452,Kaden,Smith,Wsh,TE,45,249,77,26,1997-04-24,"Flower Mound, TX",2019,176
4038220,Cole,McDonald,FA,QB,,215,75,25,1998-05-20,"La Mirada, CA",2020,224
4039271,Tony,Poljan,FA,TE,83,251,79,26,1997-04-25,"Lansing, MI",,
4036211,DJ,Turner,FA,WR,19,205,69,26,1997-01-18,"Glenarden, MD",,
3155188,Vyncint,Smith,FA,WR,15,195,75,27,1996-06-09,"Columbia, SC",2018,
3115928,Malik,Turner,FA,WR,12,202,74,27,1996-01-30,"Springfield, IL",2018,
4258190,Ben,Mason,FA,RB,38,258,75,24,1999-05-25,"Newtown, CT",,184
4408988,Malik,Taylor,FA,WR,86,220,75,27,1995-12-21,"Flint, MI",2019,
4422214,Trinity,Benson,FA,WR,19,192,72,26,1997-01-16,"Lewisville, TX",2019,
3115981,Ian,Bunting,FA,TE,89,255,79,27,1996-02-10,"Hinsdale, IL",2019,
3693033,Jacques,Patrick,FA,RB,38,239,74,26,1997-01-07,"Orlando, FL",,
4411192,Brandon,Dillon,Wsh,TE,46,250,77,26,1997-04-30,"Bringhurst, IN",2019,
3699902,Stanley,Morgan,FA,WR,17,205,72,27,1996-09-07,"New Orleans, LA",2019,
4047836,Frank,Darby,FA,WR,88,200,73,26,1997-09-08,"Jersey City, NJ",,187
4057082,Mason,Kinsey,FA,WR,12,203,70,25,1998-08-29,"Demorest, GA",2020,
4390717,Josh,Johnson,FA,RB,34,209,69,25,1997-12-26,"Hurtsboro, AL",,
4035006,Elijah,Holyfield,FA,RB,36,219,70,25,1997-11-30,"College Park, GA",2019,
3915522,KJ,Hill Jr.,FA,WR,84,196,72,25,1997-09-15,"Little Rock, AR",2020,220
3052450,Danny,Etling,FA,QB,19,220,75,29,1994-07-22,"Terre Haute, IN",2018,219
4036275,Sean,McKeon,FA,TE,84,238,77,25,1997-12-28,"Dudley, MA",2020,
2577128,Kevin,Hogan,FA,QB,5,218,75,30,1992-10-20,"Mclean, VA",2016,162
4046715,Trishton,Jackson,FA,WR,9,191,73,25,1998-03-09,"West Bloomfield, MI",2020,
15921,Kenjon,Barner,FA,RB,38,195,69,34,1989-04-28,"Riverside, CA",2013,182
3049290,Kevin,Rader,FA,TE,86,250,76,28,1995-04-26,"Pittsburgh, PA",2021,
3929633,Nick,Bowers,FA,TE,88,260,76,27,1996-05-26,"Kittanning, PA",2020,
3051902,Peyton,Barber,FA,RB,31,225,71,29,1994-02-27,"Alpharetta, GA",2016,
2972331,Mason,Schreck,FA,TE,86,252,77,29,1993-11-04,"Medina, OH",2017,251
3085107,Jake,Kumerow,FA,WR,15,209,76,31,1992-02-17,"Bartlett, IL",2015,
3921564,Auden,Tate,FA,WR,89,228,77,26,1997-02-03,"Irmo, SC",2018,253
14402,Chris,Hogan,NO,WR,80,210,73,35,1987-10-24,"Mahwah, NJ",2011,
4373673,John,Hightower,FA,WR,84,190,74,27,1996-05-31,"Landover, MD",2020,168
16809,Garrett,Gilbert,FA,QB,19,221,76,32,1991-07-01,"Austin, TX",2014,214
4259805,Kylin,Hill,FA,RB,32,214,70,25,1998-08-18,"Columbus, MS",,256
3127586,Jeremy,McNichols,FA,RB,33,205,69,27,1995-12-26,"Long Beach, CA",2017,162
3886809,Andre,Baccellia,FA,WR,82,175,70,26,1997-01-07,"Thousand Oaks, CA",2020,
3051891,Jordan,Wilkins,FA,RB,20,204,72,29,1994-07-18,"Cordova, TN",2018,169
4361606,Darwin,Thompson,FA,RB,30,200,68,26,1997-02-12,"Jenks, OK",2019,214
3052600,Davis,Webb,FA,QB,12,225,77,28,1995-01-22,"Prosper, TX",2017,87
3123969,Ito,Smith,FA,RB,43,195,69,28,1995-09-11,"Mobile, AL",2018,126
4360802,Javian,Hawkins,FA,RB,14,196,69,23,1999-11-03,"Titusville, FL",,
4038952,Hunter,Kampmoyer,FA,TE,87,243,76,25,1998-02-06,"Bishop, CA",,
4036055,Maurice,Ffrench,FA,WR,80,200,71,25,1998-01-01,"New Brunswick, NJ",2020,
3040499,Johnny,Stanton IV,FA,RB,40,240,74,29,1994-09-07,"Santa Margarita, CA",2018,
3125404,Jacob,Hollister,FA,TE,88,245,76,29,1993-11-18,"Bend, OR",2017,
3050487,Anthony,Miller,FA,WR,,199,71,28,1994-10-09,"Memphis, TN",2018,51
3124900,Jake,Luton,FA,QB,16,224,78,27,1996-04-11,"Marysville, WA",2020,189
3923397,Ryquell,Armstead,FA,RB,23,230,71,26,1996-10-30,"Millville, NJ",2019,140
3122103,Kendall,Blanton,FA,TE,80,262,78,27,1995-11-10,"Blue Springs, MO",2019,
4035853,Jordan,Veasy,FA,WR,18,221,75,28,1995-06-23,"Gadsden, AL",2018,
3148929,Sammis,Reyes,Jax,TE,19,260,77,27,1995-10-19,"Santiago, ",,
4212884,Alex,Armah,FA,RB,40,255,73,29,1994-05-17,"Lawrenceville, GA",2017,192
2970262,J.P.,Holtz,FA,RB,86,255,75,30,1993-08-28,"Pittsburgh, PA",2016,
4039043,Collin,Johnson,FA,WR,15,220,78,25,1997-09-23,"San Jose, CA",2020,165
2580330,Temarrick,Hemingway,FA,TE,88,245,77,30,1993-07-30,"Loris, SC",2016,177
2970726,Maxx,Williams,FA,TE,87,252,76,29,1994-04-12,"Waconia, MN",2015,55
3122716,Buddy,Howell,FA,RB,38,225,73,27,1996-03-27,"Coconut Grove, FL",2018,
3916925,Kerryon,Johnson,FA,RB,38,206,71,26,1997-06-30,"Huntsville, AL",2018,43
4035611,Gabe,Nabers,FA,RB,40,235,75,25,1997-11-05,"Hahira, GA",2020,
2519013,Daniel,Brown,FA,TE,87,247,77,31,1992-05-26,"Windsor, VA",2015,
3895835,Jake,Bargas,FA,RB,47,250,74,26,1996-11-28,"Boca Raton, FL",2020,
4589245,Mike,Strachan,FA,WR,17,225,77,26,1997-08-13,"Freeport, GB",,229
4294520,Brandon,Zylstra,FA,WR,13,215,74,30,1993-03-25,"Spicer, MN",2018,
17463,Diontae,Spencer,NYJ,WR,14,170,68,31,1992-03-19,"New Iberia, LA",2019,
3930097,Farrod,Green,FA,TE,41,245,75,26,1997-06-10,"Wesson, MS",2020,
2971718,Marcus,Johnson,FA,WR,84,204,73,29,1994-08-05,"League City, TX",2016,
2517017,Sean,Mannion,FA,QB,,230,78,31,1992-04-25,"Pleasanton, CA",2015,89
3914395,James,Morgan,FA,QB,16,229,76,26,1997-02-28,"Green Bay, WI",2020,125
2574918,Tommylee,Lewis,FA,WR,85,168,67,30,1992-10-24,"Riviera Beach, FL",2016,
4039436,Malcolm,Perry,NE,WR,87,175,70,26,1997-04-19,"Clarksville, TN",2020,246
16732,Eric,Ebron,FA,TE,85,253,76,30,1993-04-10,"Greensboro, NC",2014,10
4282647,Jeff,Cotton,FA,WR,82,206,74,26,1997-04-17,"Tucson, AZ",2020,
4244856,Austin,Trammell,FA,WR,81,185,70,25,1998-07-04,"Spring, TX",,
2979590,Jesse,James,FA,TE,81,261,79,29,1994-06-04,"Glassport, PA",2015,160
3894912,Tyron,Johnson,FA,WR,80,193,73,27,1996-01-08,"New Orleans, LA",2019,
2511973,Eric,Tomlinson,FA,TE,87,265,78,31,1992-04-22,"Klein, TX",2015,
4039274,Jonathan,Ward,FA,RB,33,202,72,25,1997-09-30,"Kankakee, IL",2020,
3916209,Xavier,Jones,FA,RB,25,208,71,26,1997-08-24,"Spring, TX",2020,
2982828,Tajae,Sharpe,FA,WR,,194,74,28,1994-12-23,"Piscataway, NJ",2016,140
2576399,Nick,Vannett,FA,TE,83,257,77,30,1993-03-06,"Westerville, OH",2016,94
3930298,Noah,Togiai,FA,TE,81,244,76,26,1997-07-06,"West Valley City, UT",2020,
3138744,Chris,Myarick,NYG,TE,85,261,77,27,1995-10-06,"Elkins Park, PA",2019,
3139456,Cameron,Batson,FA,WR,16,175,68,27,1995-12-20,"Oklahoma City, OK",2018,
4035554,Landen,Akers,FA,WR,84,191,72,26,1997-07-07,"Cedar Rapids, IA",,
15403,Derek,Carrier,FA,TE,85,240,75,33,1990-07-25,"Edgerton, WI",2012,
16786,Richard,Rodgers,FA,TE,82,257,76,31,1992-01-22,"Worcester, MA",2014,98
4240432,Sage,Surratt,FA,TE,41,215,75,25,1998-04-13,"Lincolnton, NC",,
4042808,Artavis,Pierce,FA,RB,18,215,71,27,1996-05-17,"Lake Alfred, FL",2020,
3052166,Darrell,Daniels,FA,TE,86,256,75,28,1994-11-22,"Pittsburg, CA",2017,
3118906,John,Lovett,FA,RB,46,236,74,27,1996-04-25,"Wantagh, NY",2019,
4240661,Dazz,Newsome,FA,WR,84,184,70,24,1999-05-15,"Hampton, VA",,221
3122920,Ryan,Izzo,FA,TE,47,255,77,27,1995-12-21,"Highland Lakes, NJ",2018,250
3915399,Preston,Williams,FA,WR,16,220,77,26,1997-03-27,"Lovejoy, GA",2019,
3128317,Juwann,Winfree,Ind,WR,9,210,73,27,1996-09-04,"Englewood, NJ",2019,187
4038539,Sewo,Olonilua,FA,RB,45,240,75,25,1997-11-27,"Kingwood, TX",2020,
4241983,Cody,White,FA,WR,15,215,75,24,1998-11-28,"Novi, MI",2020,
3932144,Jacob,Harris,FA,WR,83,211,77,26,1997-04-16,"Palm Harbor, FL",,141
4040629,Antonio,Williams,FA,RB,28,215,71,25,1997-10-22,"New London, NC",2020,
4040728,Trey,Ragas,FA,RB,32,214,70,26,1996-11-07,"New Orleans, LA",,
4240861,Dalton,Keene,FA,TE,40,251,76,24,1999-04-14,"Littleton, CO",2020,101
4054085,Dezmon,Patmon,FA,WR,86,225,76,25,1998-08-06,"San Diego, CA",2020,212
3060022,Jordan,Howard,FA,RB,28,222,72,28,1994-11-02,"Gardendale, AL",2016,150
4242212,Tory,Carter,FA,RB,44,229,72,24,1999-03-16,"Valdosta, GA",,
4039000,Aaron,Fuller,FA,WR,13,188,71,25,1997-09-30,"Mckinney, TX",2020,
2587819,Tyrell,Williams,FA,WR,6,210,76,31,1992-02-12,"Salem, OR",2015,
4243830,Jaelon,Darden,FA,WR,16,175,68,24,1999-01-14,"Houston, TX",,129
4040627,C.J.,Saunders,FA,WR,,190,70,26,1996-09-15,"Dublin, OH",,
3059766,Deon,Yelder,FA,TE,81,255,76,28,1995-03-06,"Louisville, KY",2018,
3916721,LeVante,Bellamy,FA,RB,32,190,70,26,1996-11-26,"Indianapolis, IN",2020,
3050481,Tanner,Hudson,FA,TE,87,239,77,28,1994-11-12,"Big Sandy, TN",2018,
2980120,Colin,Thompson,FA,TE,48,257,76,29,1993-12-15,"Doylestown, PA",2017,
4069806,Jason,Moore,FA,WR,29,213,74,28,1995-06-23,"Oberlin, OH",2019,
4245174,Easop,Winston Jr.,FA,WR,86,190,72,26,1996-12-17,"San Francisco, CA",2020,
4261020,Trenton,Cannon,FA,RB,23,185,71,29,1994-07-23,"Hampton, VA",2018,204
3042435,Kevin,White,FA,WR,17,216,75,31,1992-06-25,"Plainfield, NJ",2015,7
4036129,Dominique,Dafney,FA,TE,82,235,75,26,1997-06-03,"West Des Moines, IA",2020,
16804,John,Brown,FA,WR,16,178,71,33,1990-04-03,"Homestead, FL",2014,91
4044121,Isaiah,Wright,FA,WR,18,220,74,26,1997-01-13,"West Hartford, CT",2020,
3915821,Tony,Brown,FA,WR,12,195,73,26,1997-08-08,"La Mirada, CA",2020,
3929637,Dan,Chisena,FA,WR,85,203,75,26,1997-02-25,"Downingtown, PA",2020,
4240577,Brandon,Smith,FA,WR,89,220,74,24,1998-12-10,"Lake Cormorant, MS",,
4239083,Michael,Warren II,FA,RB,,222,71,24,1998-11-12,"Toledo, OH",2020,
4038533,Darius,Anderson,FA,RB,30,212,71,26,1997-09-10,"Richmond, TX",2020,
2971830,JoJo,Natson,FA,WR,19,153,67,29,1994-02-01,"Fort Lauderdale, FL",2017,
3929118,Jeff,Smith,FA,WR,19,195,73,26,1997-04-21,"Saint Petersburg, FL",2019,
4248504,Isaiah,Coulter,FA,WR,82,190,75,24,1998-09-18,"Brandywine, MD",2020,171
2576854,Stephen,Anderson,FA,TE,89,230,74,30,1993-01-30,"San Jose, CA",2016,
14922,Mohamed,Sanu,FA,WR,16,210,74,34,1989-08-22,"South Brunswick, NJ",2012,83
3120980,Keelan,Doss,FA,WR,86,215,75,27,1996-03-21,"Alameda, CA",2019,
4037478,Gerrid,Doaks,FA,RB,28,228,71,25,1998-06-09,"Indianapolis, IN",,244
4032247,Raleigh,Webb,FA,WR,83,212,74,25,1997-12-28,"Acworth, GA",,
3917067,Bisi,Johnson,FA,WR,81,210,72,26,1997-03-17,"Lakewood, CO",2019,247
2578369,Marvin,Hall,FA,WR,14,190,70,30,1993-04-10,"Los Angeles, CA",2016,
3910287,J.J.,Koski,FA,WR,43,195,73,26,1996-12-27,"Danville, CA",2020,
3116642,Reggie,Bonnafon,FA,RB,38,215,72,27,1996-01-04,"Louisville, KY",2018,
3127335,Ryan,Nall,FA,RB,35,232,74,27,1995-12-27,"Sandy, OR",2018,
3915097,Antonio,Callaway,FA,WR,19,200,71,26,1997-01-09,"Miami, FL",2018,105
3043841,Tanner,Gentry,FA,WR,87,209,74,28,1994-12-18,"Sterling, CO",2017,
16016,Kenny,Stills,FA,WR,12,202,73,31,1992-04-22,"Encinitas, CA",2013,144
4035776,Kendric,Pryor,FA,WR,14,189,71,25,1998-01-06,"Hazel Crest, IL",,
15773,Darren,Fells,FA,TE,88,281,79,37,1986-04-22,"Fullerton, CA",2014,
3791110,Tommy,Stevens,FA,TE,,235,77,26,1996-12-15,"Indianapolis, IN",2020,240
2574591,Nick,Boyle,FA,TE,86,261,76,30,1993-02-17,"Wantagh, NY",2015,171
4379504,Mekhi,Sargent,FA,RB,36,208,68,25,1997-10-08,"Key West, FL",,
3915772,Jared,Pinkney,FA,TE,46,257,76,26,1997-08-21,"Norcross, GA",2020,
3915115,Jordan,Scarlett,FA,RB,22,200,71,27,1996-02-09,"Fort Lauderdale, FL",2019,154
3116074,Rodney,Smith,FA,RB,20,210,71,27,1996-02-28,"Jonesboro, GA",2020,
3892889,Dede,Westbrook,FA,WR,80,178,72,29,1993-11-21,"Cameron, TX",2017,110
2987440,Garrett,Griffin,FA,TE,86,246,76,29,1994-03-04,"Louisburg, KS",2016,
4042112,Adrian,Killins,FA,RB,17,164,68,25,1998-01-02,"Daytona Beach, FL",2020,
4037311,Jalen,Camp,FA,WR,17,220,74,25,1998-07-10,"Cumming, GA",,209
3919510,Alex,Bachman,FA,WR,14,190,72,27,1996-05-29,"Westlake Village, CA",2019,
3119317,Nsimba,Webster,FA,WR,83,180,70,27,1996-01-27,"Antioch, CA",2019,
4241940,Javon,Leake,FA,RB,40,206,72,25,1998-08-01,"Greensboro, NC",2020,
4034944,Josh,Hammond,FA,WR,37,194,72,25,1998-07-24,"Hallandale, FL",2020,
16318,Demetrius,Harris,FA,TE,84,230,79,32,1991-07-29,"Little Rock, AR",2013,
13226,Andre,Roberts,FA,WR,18,195,71,35,1988-01-09,"Columbia, SC",2010,88
4040714,Miller,Forristall,FA,TE,86,245,77,25,1998-03-11,"Cartersville, GA",,
4427267,Kaylon,Geiger,FA,WR,80,180,70,25,1997-11-01,"Fort Worth, TX",,
3128439,Jordan,Franks,FA,TE,46,232,76,27,1996-02-01,"Wakulla Springs, FL",2018,
3115913,Geronimo,Allison,FA,WR,82,202,75,29,1994-01-18,"Tampa, FL",2016,
4068152,Kawaan,Baker,FA,WR,15,215,73,25,1998-08-24,"Atlanta, GA",,255
4040732,Raymond,Calais,FA,RB,30,188,68,25,1998-04-02,"Breaux Bridge, LA",2020,245
4362878,Scottie,Phillips,FA,RB,27,209,68,25,1997-10-06,"Ellisville, MS",2020,
3675550,Tommy,Hudson,FA,TE,89,255,77,26,1997-02-22,"San Jose, CA",2020,
15062,Travis,Benjamin,FA,WR,17,175,70,33,1989-12-29,"Belle Glade, FL",2012,100
3917569,Ja'Marcus,Bradley,FA,WR,84,198,72,26,1996-12-11,"Ackerman, MS",2020,
4034704,Michael,Bandy,FA,WR,46,190,70,25,1997-12-05,"La Mirada, CA",,
14099,Luke,Stocker,FA,TE,35,253,77,35,1988-07-01,"Berea, KY",2011,104
3933327,Kahale,Warring,FA,TE,,252,77,26,1997-03-23,"Sonora, CA",2019,86
4240626,Jeff,Thomas,FA,WR,,174,70,25,1998-06-17,,2020,
4040640,Darius,Bradwell,FA,RB,32,235,72,26,1997-05-15,"Tallahassee, FL",2020,
4570106,Myron,Mitchell,FA,WR,87,185,73,25,1998-06-17,"Jasper, AL",,
3115359,Daniel,Helm,FA,TE,43,251,76,28,1995-04-20,"Chatham, IL",2019,
3917812,Nathan,Cottrell,FA,RB,31,193,71,27,1996-08-02,"Knoxville, TN",2020,
3139522,Travis,Fulgham,FA,WR,86,211,74,27,1995-09-13,"Ashburn, VA",2019,184
2576179,Matt,LaCosse,FA,TE,83,255,78,30,1992-09-21,"Naperville, IL",2015,
4198676,Adam,Shaheen,FA,TE,80,257,79,28,1994-10-24,"Galena, OH",2017,45
4040623,Austin,Mack,FA,WR,81,215,74,26,1997-08-31,"Fort Wayne, IN",2020,
4043161,Antoine,Wesley,FA,WR,,206,76,25,1997-10-22,"Las Vegas, NV",2019,
3123050,Chris,Herndon,FA,TE,86,253,76,27,1996-02-23,"Norcross, GA",2018,107
4374496,DeMichael,Harris,FA,WR,12,178,68,25,1998-07-12,"Vicksburg, MS",2020,
17051,Albert,Wilson,FA,WR,25,200,69,31,1992-07-12,"Port Saint Lucie, FL",2014,
3126002,Christian,Blake,FA,WR,21,182,73,27,1996-06-08,"Fort Lauderdale, FL",2018,
3917166,Omar,Bayless,FA,WR,85,212,73,26,1996-12-15,"Laurel, MS",2020,
4081127,Antony,Auclair,FA,TE,,256,78,30,1993-05-28,"Notre-Dame-des-Pins, PQ",2017,
4243318,Hunter,Bryant,FA,TE,86,245,74,25,1998-08-20,"Issaquah, WA",2020,
3933568,Davion,Davis,FA,WR,10,195,71,26,1996-10-23,"Hutto, TX",2019,
4041703,Matt,Cole,FA,WR,18,197,70,26,1996-11-07,"Chicago, IL",2020,
2974503,Reggie,Begelton,FA,WR,84,200,72,30,1993-08-31,"Beaumont, TX",2020,
3115443,Cody,Hollister,FA,WR,8,216,76,29,1993-11-18,"Bend, OR",2017,
4217370,Cyril,Grayson Jr.,FA,WR,16,183,69,29,1993-12-05,"Kenner, LA",2017,
3916927,Will,Hastings,FA,WR,,174,70,,,,2020,
3951441,Codey,McElroy,FA,TE,86,258,78,30,1992-12-13,"Ardmore, OK",2019,
2973626,C.J.,Board,FA,WR,80,181,73,29,1993-12-12,"Clarksville, TN",2017,
4052137,Chris,Rowland,FA,WR,83,170,68,25,1997-12-19,"Nolensville, TN",2020,
-16025,49ers,D/ST,SF,D/ST,,,,,,,,
-16023,Steelers,D/ST,Pit,D/ST,,,,,,,,
-16002,Bills,D/ST,Buf,D/ST,,,,,,,,
-16006,Cowboys,D/ST,Dal,D/ST,,,,,,,,
-16018,Saints,D/ST,NO,D/ST,,,,,,,,
-16015,Dolphins,D/ST,Mia,D/ST,,,,,,,,
-16033,Ravens,D/ST,Bal,D/ST,,,,,,,,
-16020,Jets,D/ST,NYJ,D/ST,,,,,,,,
-16021,Eagles,D/ST,Phi,D/ST,,,,,,,,
-16017,Patriots,D/ST,NE,D/ST,,,,,,,,
-16028,Commanders,D/ST,Wsh,D/ST,,,,,,,,
-16005,Browns,D/ST,Cle,D/ST,,,,,,,,
-16009,Packers,D/ST,GB,D/ST,,,,,,,,
-16030,Jaguars,D/ST,Jax,D/ST,,,,,,,,
-16004,Bengals,D/ST,Cin,D/ST,,,,,,,,
-16029,Panthers,D/ST,Car,D/ST,,,,,,,,
-16012,Chiefs,D/ST,KC,D/ST,,,,,,,,
-16001,Falcons,D/ST,Atl,D/ST,,,,,,,,
-16027,Buccaneers,D/ST,TB,D/ST,,,,,,,,
-16026,Seahawks,D/ST,Sea,D/ST,,,,,,,,
-16007,Broncos,D/ST,Den,D/ST,,,,,,,,
-16016,Vikings,D/ST,Min,D/ST,,,,,,,,
-16010,Titans,D/ST,Ten,D/ST,,,,,,,,
-16019,Giants,D/ST,NYG,D/ST,,,,,,,,
-16008,Lions,D/ST,Det,D/ST,,,,,,,,
-16024,Chargers,D/ST,LAC,D/ST,,,,,,,,
-16003,Bears,D/ST,Chi,D/ST,,,,,,,,
-16034,Texans,D/ST,Hou,D/ST,,,,,,,,
-16011,Colts,D/ST,Ind,D/ST,,,,,,,,
-16013,Raiders,D/ST,LV,D/ST,,,,,,,,
-16014,Rams,D/ST,LAR,D/ST,,,,,,,,
-16022,Cardinals,D/ST,Ari,D/ST,,,,,,,,
